prompt,most_similar_concept,similarity_score,is_historical,detection_method,cluster
"sci-fi wall structure on massive space station on the coronation of napoleon painting and digital billboard in the middle, unreal engine 5, keyshot, octane, artstation trending, ultra high detail, ultra realistic, cinematic, 8k, 16k, in style of zaha hadid, in style of photogrammetry cloud, in plastic, dark, tilt shift,",napoleon,0.32840386033058167,False,keyword_only,
"futuristic sci-fi architecture wall structure motherboard cpu on the coronation of napoleon painting, on moon, medium size man human walking. unreal engine 5, keyshot, octane, artstation trending, Zaha Hadid style architecture pinterest, Matrix film pinterest color , high contrast pinterest black plastic, dark atmosphere pinterest, black background pinterest, tilt shift.",napoleon,0.29555544257164,False,keyword_only,
"car Ash Thorp khyzyl saleem car : medium size: on the coronation of napoleon: in oil liquid : 7, u, x, y, o graffiti big size forms: Kazimir Malevich big size forms :  zaha hadid architecture big size forms: brutalist medium size forms: sci-fi futuristic setting: ultra realistic phtotography, keyshot, unreal engine 5, high reflections oil, liquid high glossy, high specularity, ultra detailed, 4k, 8k, 16k",napoleon,0.3441597819328308,False,keyword_only,
"sci-fi cars : wall near structure on : the coronation of napoleon painting : and digital billboard in the middle, in style of zaha hadid, suprematism composition, unreal engine 5, keyshot, octane, artstation trending, ultra high detail, ultra realistic, cinematic, 8k, 16k, in plastic, dark, tilt shift,",napoleon,0.3411021828651428,False,keyword_only,
"sci-fi wall structure shape on the coronation of napoleon painting and digital billboard in the middle, unreal engine 5, keyshot, octane, artstation trending, ultra high detail, ultra realistic, cinematic, 8k, 16k, in style of zaha hadid, in style of nanospace Michael Menzelincev, in style of Lee SOUDER, colors in style of the Blade Runner 2049, in plastic, dark, tilt shift,",napoleon,0.3746751844882965,False,keyword_only,
"sci-fi airport panel tile view from above on the coronation of napoleon painting and digital billboard in the middle, unreal engine 5, keyshot, octane, artstation trending, ultra high detail, ultra realistic, cinematic, 8k, 16k, in style of zaha hadid, colors in style of nanospace Michael Menzelincev, colors in style of the Blade Runner 2049, in plastic, dark, tilt shift,",napoleon,0.2978587746620178,False,keyword_only,
"sci-fi cars and wall near structure on the coronation of napoleon painting : and digital billboard in the middle and everything in style of zaha hadid and suprematism forms, unreal engine 5, keyshot, octane, artstation trending, ultra high detail, ultra photo realistic, 8k, 16k, in plastic, dark, tilt shift,",napoleon,0.3981629014015198,False,keyword_only,
"sci-fi organic brutalism speed dynamic o x u shape wall structure on the coronation of napoleon painting and digital screen billboard in the middle, unreal engine 5, keyshot, octane, artstation trending, ultra high detail, ultra realistic, cinematic, 8k, 16k, in style of zaha hadid, in style of photogrammetry point cloud, in style of nanospace artstation, in plastic,dark, tilt shift,",napoleon,0.24998034536838531,False,keyword_only,
"selfi stick of napoleon riding his horse in front of his army, highly detailed, photorealistic, trending on artstation, 4 k, 8 k",napoleon,0.4882315993309021,False,keyword_only,
"view from above large sci-fi airport on the coronation of napoleon painting and digital space stars billboard in the middle, unreal engine 5, keyshot, octane, artstation trending, ultra high detail, ultra realistic, cinematic, 8k, 16k, in style of zaha hadid, in style of nanospace Michael Menzelincev, in style of Piotr Jabłoński, in plastic, dark, tilt shift,",napoleon,0.3497161269187927,False,keyword_only,
"sci-fi wall structure on the coronation of napoleon painting and photogrammetry point cloud digital billboard in the middle, unreal engine 5, keyshot, octane, artstation trending, ultra high detail, ultra realistic, cinematic, 8k, 16k, in style of zaha hadid, in style of nanospace Michael Menzelincev, in style of Dima Goryainov artstation, in style of Blade Runner 2049 lighting, in style of Ghost in the Shell lighting, in style of cyberpunk 2077 website, in plastic, dark, tilt shift,",napoleon,0.4382342994213104,False,keyword_only,
"sci-fi organic brutalism speed dynamic o x u shape airport structure view from above on the coronation of napoleon painting and digital billboard in the middle, unreal engine 5, keyshot, octane, artstation trending, ultra high detail, ultra realistic, cinematic, 8k, 16k, in style of zaha hadid, in style of photogrammetry point cloud, in plastic,dark, tilt shift,",napoleon,0.26881182193756104,False,keyword_only,
"sci-fi cars race : near wall structure on : the coronation of napoleon painting : and digital billboard in the middle, in style of zaha hadid, suprematism composition, unreal engine 5, keyshot, octane, artstation trending, in lighting of blade runner 2049, ultra high detail, ultra photo realistic, 8k, 16k, in plastic, dark, tilt shift,",napoleon,0.3444962501525879,False,keyword_only,
"french bulldog riding horse in battle like napoleon, painted by saint - bernard",napoleon,0.44966772198677063,False,keyword_only,
"digital sci-fi oily gloss reflection airport motherboard wall structure in liquid and oil on the coronation of napoleon painting, on moon with medium size man walking with black background and digital billboard in the middle. unreal engine 5, keyshot, octane, artstation trending, by Zaha Hadid architects, by Matrix film color, high contrast pinterest black plastic, dark atmosphere pinterest tilt shift, 4k, 8k, 16k.",napoleon,0.19021831452846527,False,keyword_only,
sci-fi car dynamic organic forms structure car and wall structure in the coronation of napoleon painting by Jacques-Louis David ceramic metal material shiny gloss water reflections search pinterest keyshot product render 4k,napoleonic,0.36086800694465637,False,keyword_only,
sci-fi car: zaha hadid : wall structure : logotype : and car on : the coronation of napoleon : and : digital billboard : in the middle in dark atmosphere : artwork by :Ruan Jia : Sheng Lam :,napoleon,0.38182130455970764,False,keyword_only,
"digital sci-fi oily gloss reflection port with organic brutalism forms in liquid and oil on the coronation of napoleon painting, on moon with medium size man walking with black background. unreal engine 5, keyshot, octane, artstation trending, by Zaha Hadid architects, by Matrix film color, high contrast pinterest black plastic, dark atmosphere pinterest tilt shift, 4k, 8k, 16k.",napoleonic,0.2511472702026367,False,keyword_only,
"kanye west as emperor napoleon in warcraft, splash art, movie still, cinematic lighting, dramatic, octane render, long lens, shallow depth of field, bokeh, anamorphic lens flare, 8 k, hyper detailed, 3 5 mm film grain",napoleon,0.40359118580818176,False,keyword_only,
"muammar kadhafi as emperor napoleon in gears of war, splash art, movie still, cinematic lighting, dramatic, octane render, long lens, shallow depth of field, bokeh, anamorphic lens flare, 8 k, hyper detailed, 3 5 mm film grain",napoleon,0.4566909670829773,False,keyword_only,
sci-fi car dynamic organic forms and wall structure in the coronation of napoleon painting by Jacques-Louis David ceramic metal material shiny gloss water reflections search pinterest keyshot product render 4k,napoleonic,0.4313431978225708,False,keyword_only,
"khyzyl saleem car : medium size: in the coronation of napoleon ceremony: in liquid : 7, u, x, y, o graffiti big size forms: motherboard medium size forms : Kazimir Malevich big size forms : zaha hadid architecture big size forms: brutalist medium size forms: sci-fi futuristic setting: Ash Thorp car: ultra realistic phtotography, keyshot, unreal engine 5, high reflections oil, liquid high glossy, high specularity, ultra detailed, 4k, 8k, 16k",napoleon,0.2817299962043762,False,keyword_only,
"car truck race sci-fi wall structure on the coronation of napoleon painting and digital billboard in the middle, unreal engine 5, keyshot, octane, artstation trending, ultra high detail, ultra realistic, cinematic, 8k, 16k, in style of zaha hadid : in plastic : dark dramatic sunset lighting : tilt shift camera",napoleon,0.3511131703853607,False,keyword_only,
"sci-ficars : wallnearstructureon : thecoronationofnapoleonpainting : in style of zahahadid, suprematism medium size composition, unrealengine5lumen, keyshot, octane, artstationtrending, ultrahighdetail, ultrarealistic, bladerunner2049, 8k, 16k, in plastic, dark, tilt shift,",napoleonic,0.17101743817329407,False,keyword_only,
"Portrait of Kanye West as Emperor Napoleon in Skyrim, splash art, movie still, cinematic lighting, dramatic, octane render, long lens, shallow depth of field, bokeh, anamorphic lens flare, 8k, hyper detailed, 35mm film grain",napoleon,0.4520348906517029,False,keyword_only,
"a giant fluffy squirrel carrying napoleon bonaparte on its back, beach scene, flowers and foliage, detailed oil painting",Bonaparte,0.47600775957107544,False,keyword_only,
"sci-fi motherboard structure on the coronation of napoleon painting and digital billboard in the middle, unreal engine 5, keyshot, octane, artstation trending, ultra high detail, ultra realistic, cinematic, 8k, 16k, in style of zaha hadid, in style of nanospace Michael Menzelincev, in style of Lee SOUDER, colors in style of the Blade Runner 2049, in plastic, dark, tilt shift,",napoleon,0.35421067476272583,False,keyword_only,
"sci-fi wall structure on the coronation of napoleon painting on moon, unreal engine 5, keyshot, octane, artstation trending, ultra high detail, ultra realistic, cinematic pinterest style, 8k, 16k, zaha hadid style architecture, matrix film color , high contrast pinterest plastic, dark atmosphere pinteres, on black background pinterest, volumetric lighting pinterest, tilt shift,",napoleon,0.4025043845176697,False,keyword_only,
"digital sci-fi oily gloss reflection airport motherboard organic brutalist forms wall structure in liquid and oil on the coronation of napoleon painting, on moon with medium size man walking with black background and digital billboard in the middle. unreal engine 5, keyshot, octane, artstation trending, by Zaha Hadid architects, by Matrix film color, high contrast pinterest black plastic, dark atmosphere pinterest tilt shift, 4k, 8k, 16k.",napoleon,0.17717215418815613,False,keyword_only,
sci-fi organic zaha hadid car 30% of canvas and wall structure in the coronation of napoleon painting by Jacques-Louis David and in the blade runner 2049 film search pinterest keyshot product render ultra high detail ultra realism 4k in plastic dark tilt shift,napoleon,0.3840155005455017,False,keyword_only,
"sci-fi organic brutalism speed dynamic o x u shape wall structure on the coronation of napoleon painting and digital screen billboard in the middle, unreal engine 5, keyshot, octane, artstation trending, ultra high detail, ultra realistic, cinematic, 8k, 16k, in style of zaha hadid, in style of photogrammetry point cloud, in style of nanospace artstation, in plastic,dark, tilt shift,",napoleon,0.24998034536838531,False,keyword_only,
"“ napoleon dynamite in the style of eraserhead, hyperdetailed ”",napoleon,0.44391030073165894,False,keyword_only,
"sci-fi 3d car and wall structure car, in the coronation of napoleon painting, and digital billboard in the middle, octane render pinterest keyshot product render, water reflections gloss shiny in luquid",napoleon,0.374004065990448,False,keyword_only,
"jack nicholson as napoleon, seventies cinema, vintage, cinematic lighting, ultra realistic, panavision, wide screen, vibrant color",napoleon,0.4558163285255432,False,keyword_only,
"sci-fi car, zaha hadid, wall structure, logotype, car, on the coronation of napoleon, digital billboard in the middle, trending on artstation, octane render pinterest, keyshot product render pinterest, reflections, gloss, shiny, artwork in style of Sheng Lam",napoleon,0.378720760345459,False,keyword_only,
sci-fi cars 50% of canvas in center and wall near structure on the coronation of napoleon painting and digital billboard in the middle and everything in style of zaha hadid and suprematism forms unreal engine 5 keyshot octane artstation trending ultra high detail ultra photo realistic 8k 16k in plastic dark tilt shift,napoleon,0.32892757654190063,False,keyword_only,
"digital sci-fi oily gloss reflection airport with organic brutalism forms in liquid and oil on the coronation of napoleon painting, on moon with medium size man walking with black background. unreal engine 5, keyshot, octane, artstation trending, by Zaha Hadid architects, by Matrix film color, high contrast pinterest black plastic, dark atmosphere pinterest tilt shift, 4k, 8k, 16k.",napoleon,0.21173156797885895,False,keyword_only,
"oil painting of hegel in the streets of jena greeting napoleon on horseback as incarnation of the world spirit, realist painting, gustave courbet, jules bastien - lepage, incredible detail, natural light",napoleon,0.444509893655777,False,keyword_only,
"portrait painting of zayn malik as an elf by jeremy mann, wearing leather napoleonic military style jacket, only one head single portrait, pointy ears",napoleon,0.3262140452861786,False,keyword_only,
"digital sci-fi oily gloss reflection zaha hadid airport motherboard wall structure with organic forms in liquid and oil on the coronation of napoleon painting, on moon with medium size man walking with black background and digital billboard in the middle. unreal engine 5, keyshot, octane, artstation trending, by Zaha Hadid architects, by Matrix film color, high contrast pinterest black plastic, dark atmosphere pinterest tilt shift, 4k, 8k, 16k.",napoleon,0.1543673574924469,False,keyword_only,
"car truck race sci-fi wall structure on the coronation of napoleon painting and digital billboard in the middle, unreal engine 5, keyshot, octane, artstation trending, ultra high detail, ultra realistic, cinematic, 8k, 16k, in style of zaha hadid, in plastic, dark, tilt shift,",napoleon,0.3070674538612366,False,keyword_only,
"sci-fi motherboard structure on the coronation of napoleon painting and digital hologram in the middle, unreal engine 5, keyshot, octane, artstation trending, ultra high detail, ultra realistic, cinematic, 8k, 16k, in style of zaha hadid, in style of Lee SOUDER artstation, colors in style of Blade Runner 2049, in plastic, dark, tilt shift,",napoleonic,0.3214377760887146,False,keyword_only,
sci-fi car dynamic organic forms structure car and wall structure in the coronation of napoleon painting by Jacques-Louis David and in the blade runner 2049 film search pinterest keyshot product render 4k in dark plastic,napoleon,0.24732358753681183,False,keyword_only,
"napoleon Bonaparte slam dunks in an NBA game, highly detailed, 8k, octane render",napoleon,0.4586699903011322,False,keyword_only,
"sci-fi wall structure logotype and car on the coronation of napoleon painting and digital billboard in the middle, unreal engine 5, keyshot, octane, artstation trending, ultra high detail, ultra realistic, cinematic, 8k, 16k, in style of zaha hadid, in plastic, dark, tilt shift,",napoleon,0.39262181520462036,False,keyword_only,
"digital sci-fi oily gloss reflection airport motherboard wall structure in liquid and oil on the coronation of napoleon painting, on moon with medium size man walking with black background and digital billboard in the middle. unreal engine 5, keyshot, octane, artstation trending, by Zaha Hadid architects, by Matrix film color, high contrast pinterest black plastic, dark atmosphere pinterest tilt shift, 4k, 8k, 16k.",napoleon,0.19021831452846527,False,keyword_only,
"kanye west as muammar kadhafi as emperor napoleon, splash art, movie still, detailed face, cinematic lighting, dramatic, octane render, long lens, shallow depth of field, bokeh, anamorphic lens flare, 8 k, hyper detailed, 3 5 mm film grain",napoleon,0.44664961099624634,False,keyword_only,
"car race: cars portraits, on the coronation of napoleon painting, low camera angle, motherboard forms designed by zaha hadid, sci-fi futuristic ultra realistic photography, shot by Andrei Tarkovsky, keyshot render, octane render, unreal engine 5 lumen, high oiled liquid glossy specularity reflections, ultra detailed, golden hour, dramatic lighting 4k, 8k, 16k in the style ofblade runner 2049 Cyberpunk 2077 ghost in the shell thor 2 marvel film : tilt shift: sharp focus",napoleon,0.2320491522550583,False,keyword_only,
"sci-fi cars : wall near structure on : the coronation of napoleon : and digital billboard in the middle, in style of zaha hadid, suprematism composition, unreal engine 5, keyshot, octane, artstation trending, in colors of blade runner 2049, ultra high detail, ultra photo realistic, 8k, 16k, in plastic, dark, tilt shift,",napoleon,0.32609736919403076,False,keyword_only,
"sci-fi organic brutalism speed dynamic o x u shape wall structure view from above on the coronation of napoleon painting and digital screen billboard in the middle, unreal engine 5, keyshot, octane, artstation trending, ultra high detail, ultra realistic, cinematic, 8k, 16k, in style of zaha hadid, in style of photogrammetry point cloud, in plastic,dark, tilt shift,",napoleon,0.29553186893463135,False,keyword_only,
"sci-fi wall structure shape on the coronation of napoleon painting and digital billboard in the middle, unreal engine 5, keyshot, octane, artstation trending, ultra high detail, ultra realistic, cinematic, 8k, 16k, in style of zaha hadid, in style of nanospace Michael Menzelincev, in style of Lee SOUDER, colors in style of the Blade Runner 2049, in plastic, dark, tilt shift,",napoleon,0.3746751844882965,False,keyword_only,
"Portrait of Kanye West as Emperor Napoleon in Fallout New Vegas, splash art, movie still, cinematic lighting, dramatic, octane render, long lens, shallow depth of field, bokeh, anamorphic lens flare, 8k, hyper detailed, 35mm film grain",napoleon,0.4893414080142975,False,keyword_only,
"digital sci-fi oily airport architecture motherboard cpu in liquid on the coronation of napoleon painting, on moon with medium size woman walking with black background. with contrast reflections, with high gloss, unreal engine 5, keyshot, octane, artstation trending, by Zaha Hadid style architecture, by Matrix film color, high contrast pinterest black plastic, dark atmosphere pinterest tilt shift, 4k, 8k, 16k.",napoleon,0.20050185918807983,False,keyword_only,
"digital sci-fi oily gloss reflection motherboard cpu with organic brutalism forms in liquid and oil on the coronation of napoleon painting, on moon with medium size man walking with black background. unreal engine 5, keyshot, octane, artstation trending, by Zaha Hadid architects, by Matrix film color, high contrast pinterest black plastic, dark atmosphere pinterest tilt shift, 4k, 8k, 16k.",napoleon,0.2326323688030243,False,keyword_only,
"sci-fi speed x y u shape wall structure on the coronation of napoleon painting and digital billboard in the middle, unreal engine 5, keyshot, octane, artstation trending, ultra high detail, ultra realistic, cinematic, 8k, 16k, in style of zaha hadid, in style of photogrammetry point cloud, in plastic,dark, tilt shift,",napoleon,0.3487122654914856,False,keyword_only,
"sci-fi sport car f1 hatchback transport design zaha hadid organic smooth elastic forms 20% of canvas on the front; background wall structure on the coronation of napoleon painting 30% of canvas; by Jacques-Louis David, pinterest keyshot product render, cloudy plastic ceramic material shiny gloss water reflections, ultra high detail ultra realism, 4k",napoleonic,0.2964784502983093,False,keyword_only,
"sci-fi speed x y u shape wall structure on the coronation of napoleon painting and digital billboard in the middle, unreal engine 5, keyshot, octane, artstation trending, ultra high detail, ultra realistic, cinematic, 8k, 16k, in style of zaha hadid, in style of photogrammetry point cloud, in plastic,dark, tilt shift,",napoleon,0.3487122654914856,False,keyword_only,
"digital sci-fi oily gloss reflection airport motherboard wall structure with organic forms in liquid and oil on the coronation of napoleon painting, on moon with medium size man walking with black background and digital billboard in the middle. unreal engine 5, keyshot, octane, artstation trending, by Zaha Hadid architects, by Matrix film color, high contrast pinterest black plastic, dark atmosphere pinterest tilt shift, 4k, 8k, 16k.",napoleon,0.19557735323905945,False,keyword_only,
full lenght sci-fi cars in the coronation of napoleon painting by Jacques-Louis David and point cloud in the middle and everything in form of zaha hadid architects artwork by caravaggio unreal engine 5 keyshot octane lighting ultra high detail ultra hyper realism 8k 16k in plastic dark tilt shift full-length view,napoleon,0.3897765278816223,False,keyword_only,
sci - fi organic sport car exterior 3 d realistic render in the coronation of napoleon painting,napoleonic,0.29901158809661865,False,keyword_only,
sci-fi cars trucks motorcycles 50% of canvas on the coronation of napoleon and digital billboard photogrammetry point cloud in the middle and everything in style of zaha hadid and suprematism forms unreal engine 5 keyshot octane artstation trending blade runner 2049 colors lighting ultra high detail ultra photo realistic 8k 16k in plastic dark tilt shift,napoleon,0.3096284866333008,False,keyword_only,
"sci-fi organic brutalism speed dynamic o x u wall structure on the coronation of napoleon painting and digital screen billboard in the middle, unreal engine 5, keyshot, octane, artstation trending, ultra high detail, ultra realistic, cinematic, 8k, 16k, in style of zaha hadid, in style of nanospace artstation, in plastic,dark, tilt shift,",napoleon,0.2816595435142517,False,keyword_only,
sci fi organic car zaha hadid 30% of canvas and wall structure in the coronation of napoleon painting by Jacques-Louis David and in the pinterest blade runner 2049 film search pinterest keyshot product render ultra high detail ultra realism 4k in plastic dark tilt shift,napoleon,0.3527006506919861,False,keyword_only,
"sci-fi wall structure shape on the coronation of napoleon painting and digital billboard in the middle, unreal engine 5, keyshot, octane, artstation trending, ultra high detail, ultra realistic, cinematic, 8k, 16k, in style of zaha hadid, in style of nanospace Michael Menzelincev, in style of Lee SOUDER, colors in style of the Blade Runner 2049, in plastic, dark, tilt shift,",napoleon,0.3746751844882965,False,keyword_only,
"sci-fi wall panel structure on the coronation of napoleon painting and photogrammetry point cloud digital billboard in the middle, unreal engine 5, keyshot, octane, artstation trending, ultra high detail, ultra realistic, cinematic, 8k, 16k, in style of zaha hadid, colors in style of nanospace Michael Menzelincev, colors in style of the Blade Runner 2049, in plastic, dark, tilt shift,",napoleon,0.4295269250869751,False,keyword_only,
sci-fi organic zaha hadid car 50% of canvas and wall structure in the coronation of napoleon painting by Jacques-Louis David and in the blade runner 2049 film search pinterest keyshot product render cloudy plastic ceramic material shiny gloss water reflections ultra high detail ultra realism 4k in plastic dark tilt shift,napoleon,0.3255234658718109,False,keyword_only,
"digital sci-fi oily gloss reflection airport motherboard wall structure with organic brutalism forms in liquid and oil on the coronation of napoleon painting, on moon with medium size man walking with black background. unreal engine 5, keyshot, octane, artstation trending, by Zaha Hadid architects, by Matrix film color, high contrast pinterest black plastic, dark atmosphere pinterest tilt shift, 4k, 8k, 16k.",napoleon,0.21175462007522583,False,keyword_only,
"kanye west as emperor napoleon in mortal kombat, splash art, movie still, cinematic lighting, dramatic, octane render, long lens, shallow depth of field, bokeh, anamorphic lens flare, 8 k, hyper detailed, 3 5 mm film grain",napoleon,0.4338361620903015,False,keyword_only,
"elephant with a cannon in place of its head, men in napoleonic uniforms operate cannon on a platform around the elephant's neck, the elephant walks through the streets of a medieval city, illustration, rpg, hubert robert, dying earth, body horror",napoleonic,0.4086844325065613,False,keyword_only,
"napoleon dynamite, portrait shinkai makoto studio ghibli studio key hideaki anno sakimichan stanley artgerm lau rossdraws james jean marc simonetti elegant highly detailed digital painting artstation pixiv",napoleon,0.42978787422180176,False,keyword_only,
sci-fi car dynamic organic forms structure car and wall structure in the coronation of napoleon painting by Jacques-Louis David black ceramic metal material shiny gloss water reflections search pinterest keyshot product render 4k,napoleonic,0.3631208837032318,False,keyword_only,
"sci-fi wall structure on the coronation of napoleon painting and photogrammetry point cloud digital billboard in the middle, unreal engine 5, keyshot, octane, artstation trending, ultra high detail, ultra realistic, cinematic, 8k, 16k, in style of zaha hadid, colors in style of nanospace Michael Menzelincev, colors in style of the Blade Runner 2049, in plastic, dark, tilt shift,",napoleon,0.4394409656524658,False,keyword_only,
"car Ash Thorp khyzyl saleem car : medium size: on the coronation of napoleon: in oil liquid : 7, u, x, y, o graffiti big size forms: Kazimir Malevich big size forms :  zaha hadid architecture big size forms: brutalist medium size forms: ultra realistic phtotography, keyshot, unreal engine 5, high reflections oil, liquid high glossy, high specularity, ultra detailed, 4k, 8k, 16k",napoleon,0.3460110127925873,False,keyword_only,
"sci-fi wall structure panel on the coronation of napoleon painting and digital hologram in the middle, unreal engine 5, keyshot, octane, artstation trending, ultra high detail, ultra realistic, cinematic, 8k, 16k, in style of zaha hadid, colors in style of nanospace Michael Menzelincev, colors in style of the Blade Runner 2049, in plastic, dark, tilt shift,",napoleon,0.39908310770988464,False,keyword_only,
"sci-fi motherboard structure on the coronation of napoleon painting and digital billboard in the middle, unreal engine 5, keyshot, octane, artstation trending, ultra high detail, ultra realistic, cinematic, 8k, 16k, in style of zaha hadid, in style of nanospace Michael Menzelincev, in style of Lee SOUDER, colors in style of the Blade Runner 2049, in plastic, dark, tilt shift,",napoleon,0.35421067476272583,False,keyword_only,
"sci-fi motherboard structure on the coronation of napoleon painting and digital billboard in the middle, unreal engine 5, keyshot, octane, artstation trending, ultra high detail, ultra realistic, cinematic, 8k, 16k, in style of zaha hadid, in style of nanospace Michael Menzelincev, in style of Lee SOUDER, colors in style of the Blade Runner 2049, in plastic, dark, tilt shift,",napoleon,0.35421067476272583,False,keyword_only,
"digital sci-fi oily gloss reflection airport motherboard cpu with organic brutlism forms in liquid and oil on the coronation of napoleon painting, on moon with medium size man walking with black background. unreal engine 5, keyshot, octane, artstation trending, by Zaha Hadid architects, by Matrix film color, high contrast pinterest black plastic, dark atmosphere pinterest tilt shift, 4k, 8k, 16k.",napoleon,0.20424127578735352,False,keyword_only,
"sci-fi airport on moon with medium size man walking and digital billboard in the middle view from above oily gloss reflection with organic forms in liquid and oil on the coronation of napoleon painting, with black background. unreal engine 5, keyshot, octane, artstation trending, by Zaha Hadid architects, by Matrix film color, high contrast pinterest black plastic, dark atmosphere pinterest tilt shift, 4k, 8k, 16k.",napoleon,0.2845047116279602,False,keyword_only,
sci-fi organic zaha hadid full-lenght car 50% of canvas and wall structure in the coronation of napoleon painting by Jacques-Louis David and in the blade runner 2049 film search pinterest keyshot product render cloudy plastic ceramic material shiny gloss water reflections ultra high detail ultra realism 4k in plastic dark tilt shift,napoleon,0.2935553789138794,False,keyword_only,
"head and shoulders portrait painting of young man who looks like zayn malik as an elf by jeremy mann, wearing leather napoleonic military style jacket, only one head single portrait, pointy ears, dark background, soft top lighting",napoleon,0.33024948835372925,False,keyword_only,
sci-fi cars trucks motorcycles 50% of canvas in center and wall near structure on the coronation of napoleon painting and digital billboard in the middle and everything in style of zaha hadid and suprematism forms unreal engine 5 keyshot octane artstation trending blade runner 2049 colors lighting ultra high detail ultra photo realistic 8k 16k in plastic dark tilt shift,napoleon,0.3139248490333557,False,keyword_only,
full lenght sci-fi cars in the coronation of napoleon painting by Jacques-Louis David in the blade runner 2049 film and point cloud in the middle and everything in form of zaha hadid architects artwork by caravaggio unreal engine 5 keyshot octane lighting ultra high detail ultra hyper realism 8k 16k in plastic dark tilt shift full-length view,napoleon,0.2752889096736908,False,keyword_only,
"sci-fi 3d organic car and wall structure car, in the coronation of napoleon painting, and digital billboard in the middle. octane render pinterest, keyshot product render, water reflections gloss shiny in luquid",napoleon,0.36130934953689575,False,keyword_only,
"highly detailed surreal vfx portrait of napoleonic wars, stephen bliss, unreal engine, greg rutkowski, loish, rhads, beeple, makoto shinkai and lois van baarle, ilya kuvshinov, rossdraws, tom bagshaw, global illumination, detailed and intricate environment",napoleonic,0.4833207130432129,False,keyword_only,
"khyzyl saleem car : medium size: in the coronation of napoleon ceremony: in liquid : 7, u, x, y, o graffiti big size forms: Kazimir Malevich big size forms : zaha hadid architecture big size forms: brutalist medium size forms: sci-fi futuristic setting: Ash Thorp car: ultra realistic phtotography, keyshot, unreal engine 5, high reflections oil, liquid high glossy, high specularity, ultra detailed, 4k, 8k, 16k",napoleon,0.28552284836769104,False,keyword_only,
"sci-fi wall structure on the coronation of napoleon painting on the nanospace Michael Menzelincev artstation painting, unreal engine 5, keyshot, octane, artstation trending, ultra high detail, ultra realistic, cinematic, 8k, 16k, zaha hadid style architecture, blade runner 2049 color , high contrast plastic, dark atmosphere, tilt shift,",napoleon,0.3650877773761749,False,keyword_only,
"sci-fi brutalism airport from above view motherboard structure on the coronation of napoleon painting and digital billboard in the middle, unreal engine 5, keyshot, octane, artstation trending, ultra high detail, ultra realistic, cinematic, 8k, 16k, in style of zaha hadid, in style of nanospace Michael Menzelincev, in style of Lee SOUDER, colors in style of the Blade Runner 2049, in plastic, dark, tilt shift,",napoleon,0.24736842513084412,False,keyword_only,
"sci-fi organic brutalism speed dynamic o x u shape airport structure view from above on the coronation of napoleon painting and digital billboard in the middle, unreal engine 5, keyshot, octane, artstation trending, ultra high detail, ultra realistic, cinematic, 8k, 16k, in style of zaha hadid, in style of photogrammetry point cloud, in plastic,dark, tilt shift,",napoleon,0.26881182193756104,False,keyword_only,
sci-fi 🚗 dynamic organic forms and wall structure in the coronation of napoleon painting by Jacques-Louis David ceramic metal material shiny gloss water reflections search pinterest keyshot product render 4k,napoleon,0.4597083628177643,False,keyword_only,
"sci-fi wall panel structure on the coronation of napoleon painting, point cloud in the middle, unreal engine 5, keyshot, octane, artstation trending, ultra high detail, ultra realistic, cinematic, 8k, 16k, in style of zaha hadid, in style of nanospace, colors in style of the Blade Runner 2049, in plastic, dark, tilt shift,",napoleon,0.40865540504455566,False,keyword_only,
"jack nicholson starring as napoleon in a movie about napoleon, seventies cinema, vintage, cinematic lighting, ultra realistic, panavision, wide screen, vibrant color",napoleon,0.47055816650390625,False,keyword_only,
"khyzyl saleem car : medium size: in the coronation of napoleon ceremony: in liquid : 7, u, x, y, o graffiti big size forms: motherboard medium size forms : Kazimir Malevich big size forms : zaha hadid architecture big size forms: brutalist medium size forms: sci-fi futuristic setting: Ash Thorp car: ultra realistic phtotography, keyshot, unreal engine 5, high reflections oil, liquid high glossy, high specularity, ultra detailed, 4k, 8k, 16k",napoleon,0.2817299962043762,False,keyword_only,
"sci-fi wall structure on the coronation of napoleon painting and digital billboard in the middle, unreal engine 5, keyshot, octane, artstation trending, ultra high detail, ultra realistic, cinematic, 8k, 16k, in style of zaha hadid, in style of photogrammetry cloud, in plastic, dark, tilt shift,",napoleon,0.3974578082561493,False,keyword_only,
"sci-fi wall structure logotype and car on the coronation of napoleon and digital billboard in the middle, unreal engine 5, keyshot, octane, artstation trending, ultra high detail, ultra realistic, cinematic, 8k, 16k, in style of zaha hadid Maciej Kuciara Piotr Jabłoński Ruan Jia Sheng Lam Paul Chadeisson Khyzyl Saleem, in plastic, dark, tilt shift,",napoleon,0.4195852279663086,False,keyword_only,
"sci-fi wall structure on the coronation of napoleon painting and digital billboard in the middle, unreal engine 5, keyshot, octane, artstation trending, ultra high detail, ultra realistic, cinematic, 8k, 16k, in style of zaha hadid, in style of nanospace Michael Menzelincev, in style of Lee SOUDER, in style of photogrammetry cloud in style of Dima Goryainov artstation, in plastic, dark, tilt shift,",napoleon,0.3791639804840088,False,keyword_only,
big pattern noise sci-fi organic zaha hadid ca khyzyl saleem formula 1 car and wall structure in the coronation of napoleon painting by Jacques-Louis David and in the blade runner 2049 film search pinterest keyshot product render cloudy plastic ceramic material shiny gloss water reflections ultra high detail ultra realism 4k in plastic dark tilt shift,napoleon,0.2806844711303711,False,keyword_only,
sci-fi cars trucks motorcycles 50% of canvas on the coronation of napoleon painting and digital billboard photogrammetry point cloud in the middle and everything in style of zaha hadid and suprematism forms unreal engine 5 keyshot octane artstation trending blade runner 2049 colors lighting ultra high detail ultra photo realistic 8k 16k in plastic dark tilt shift,napoleon,0.3039506673812866,False,keyword_only,
"sci-fi cars : wall near structure on : the coronation of napoleon painting : and digital billboard in the middle, in style of zaha hadid, suprematism composition, unreal engine 5, keyshot, octane, artstation trending, ultra high detail, ultra realistic, cinematic, 8k, 16k, in plastic, dark, tilt shift,",napoleon,0.3411023020744324,False,keyword_only,
"sci-fi organic brutalism speed dynamic o x u shape wall structure on the coronation of napoleon painting and digital screen billboard in the middle, unreal engine 5, keyshot, octane, artstation trending, ultra high detail, ultra realistic, cinematic, 8k, 16k, in style of zaha hadid, in style of photogrammetry point cloud, in plastic,dark, tilt shift,",napoleon,0.28390711545944214,False,keyword_only,
"sci-fi airport structure on the coronation of napoleon painting and digital billboard in the middle, unreal engine 5, keyshot, octane, artstation trending, ultra high detail, ultra realistic, cinematic, 8k, 16k, in style of zaha hadid, in style of photogrammetry point cloud, in plastic, dark, tilt shift,",napoleon,0.3172778785228729,False,keyword_only,
"sci-fi sport car f1 hatchback transport design organic smooth elastic forms 20% of canvas on the front; background wall structure on the coronation of napoleon painting 20% of canvas; by Jacques-Louis David, pinterest keyshot product render, cloudy plastic ceramic material shiny gloss water reflections, ultra high detail ultra realism, 4k",napoleonic,0.318228542804718,False,keyword_only,
sci-fi 🚗 dynamic organic forms and wall structure in the coronation of napoleon painting by Jacques-Louis David ceramic metal material shiny gloss water reflections search pinterest keyshot product render 4k,napoleon,0.4597083628177643,False,keyword_only,
"sci-fi wall structure on the coronation of napoleon painting and digital billboard in the middle, unreal engine 5, keyshot, octane, artstation trending, ultra high detail, ultra realistic, cinematic, 8k, 16k, in style of zaha hadid, in plastic, dark, tilt shift,",napoleon,0.4159984886646271,False,keyword_only,
sci-fi organic form car and wall structure in the coronation of napoleon painting by Jacques-Louis David in the blade runner 2049 film organic architecture forms artwork by caravaggio unreal engine 5 keyshot octane lighting ultra high detail ultra hyper realism 8k 16k in plastic dark tilt shift full-length view,napoleon,0.2841876149177551,False,keyword_only,
sci-fi car and wall structure in the coronation of napoleon painting by Jacques-Louis David in the The Martian film 2011 and point cloud in the middle and everything in form of zaha hadid architects artwork by caravaggio unreal engine 5 keyshot octane lighting ultra high detail ultra hyper realism 8k 16k in plastic dark tilt shift full-length view,napoleon,0.2951588034629822,False,keyword_only,
"car race sci-fi wall structure on the coronation of napoleon painting and digital billboard in the middle, unreal engine 5, keyshot, octane, artstation trending, ultra high detail, ultra realistic, cinematic, 8k, 16k, in style of zaha hadid, in plastic, dark, tilt shift,",napoleon,0.3229565918445587,False,keyword_only,
"car truck race sci-fi wall structure on the coronation of napoleon painting and digital billboard in the middle, unreal engine 5, keyshot, octane, artstation trending, ultra high detail, ultra realistic, cinematic, 8k, 16k, in style of zaha hadid, in plastic, dark, tilt shift,",napoleon,0.3070673942565918,False,keyword_only,
"khyzyl saleem car : medium size: on the coronation of napoleon painting: in liquid : 7, u, x, y, o graffiti big size forms: Kazimir Malevich big size forms : zaha hadid architecture big size forms: brutalist medium size forms: sci-fi futuristic setting: Ash Thorp car: ultra realistic phtotography, keyshot, unreal engine 5, high reflections oil, liquid high glossy, high specularity, ultra detailed, 4k, 8k, 16k",napoleon,0.288713276386261,False,keyword_only,
"Kanye West as Emperor Napoleon in Gears of War, splash art, movie still, cinematic lighting, dramatic, octane render, long lens, shallow depth of field, bokeh, anamorphic lens flare, 8k, hyper detailed, 35mm film grain",napoleon,0.3595317602157593,False,keyword_only,
sci-fi organic zaha hadid car ash thorp car khyzyl saleem organic car 50% of canvas and wall structure in the coronation of napoleon painting by Jacques-Louis David and in the blade runner 2049 film search pinterest keyshot product render cloudy plastic ceramic material shiny gloss water reflections ultra high detail ultra realism 4k in plastic dark tilt shift,napoleon,0.2980685830116272,False,keyword_only,
"futuristic wall structure on the coronation of napoleon painting on the nanospace Michael Menzelincev artstation painting on moon, unreal engine 5, keyshot, octane, artstation trending, ultra high detail, ultra realistic, cinematic pinterest style, 8k, 16k, zaha hadid style architecture pinterest, matrix film pinterest color , high contrast pinterest plastic, dark atmosphere pinterest, on black background pinterest, volumetric lighting pinterest, tilt shift,",napoleon,0.3306138515472412,False,keyword_only,
"sci-fi sport car formula 1 hatchback transport design organic smooth elastic forms on the front background wall structure digital billboard with point cloud in the coronation of napoleon painting by Jacques-Louis David unreal engine 5 lumen pinterest keyshot product render octane, dark black cloudy plastic ceramic material shiny gloss water reflections specularity, contrast blade runner 2049 film lighting ultra high detail ultra realism, 4k",napoleonic,0.383994996547699,False,keyword_only,
"sci-fi motherboard structure on the coronation of napoleon painting and digital billboard in the middle, unreal engine 5, keyshot, octane, artstation trending, ultra high detail, ultra realistic, cinematic, 8k, 16k, in style of zaha hadid, in style of nanospace Michael Menzelincev artstation, in style of Lee SOUDER artstation, colors in style of the Blade Runner 2049, in plastic, dark, tilt shift,",napoleon,0.339506059885025,False,keyword_only,
"macron dressed as napoleon, firing a cannon, streets of paris, photography by steve mccurry and david lazar, volumetric lighting, very detailed face, artstation, press, magazine",napoleon,0.4901010990142822,False,keyword_only,
"Volodymyr Zelensky at war, dressed like Napoleon Bonaparte, his clothes are torn and dirty, he is sitting between dead corpses and weeping, holding a half burnt blue and yellow flag of Ukraine, by Francisco Goya",napoleon,0.39214766025543213,False,keyword_only,
"sci-fi wall structure logotype and car on the coronation of napoleon painting and digital billboard in the middle, unreal engine 5, keyshot, octane, artstation trending, ultra high detail, ultra realistic, cinematic, 8k, 16k, in style of zaha hadid, in plastic, dark, tilt shift,",napoleon,0.3926217257976532,False,keyword_only,
"portrait of an anthropomorphic horse as napolean bonaparte, dramatic lighting, highly detailed, digital painting, artstation, concept art, smooth, sharp focus, illustration, art by wlop, mars ravelo and greg rutkowski",Bonaparte,0.49936628341674805,False,keyword_only,
"sci-fi airport oily gloss reflection with organic forms in liquid and oil on the coronation of napoleon painting, on moon with medium size man walking with black background and digital billboard in the middle. unreal engine 5, keyshot, octane, artstation trending, by Zaha Hadid architects, by Matrix film color, high contrast pinterest black plastic, dark atmosphere pinterest tilt shift, 4k, 8k, 16k.",napoleon,0.2613902986049652,False,keyword_only,
"kanye west as emperor napoleon in elden ring, splash art, movie still, cinematic lighting, dramatic, octane render, long lens, shallow depth of field, bokeh, anamorphic lens flare, 8 k, hyper detailed, 3 5 mm film grain",napoleon,0.43963831663131714,False,keyword_only,
"a giant squirrel carrying napoleon bonaparte its back, beach scene with flowers and foliage, detailed oil painting",Bonaparte,0.4968394637107849,False,keyword_only,
car kazimir malevich organic smooth elastic forms wall structure in the coronation of napoleon painting by Jacques-Louis David pinterest keyshot product render cloudy plastic ceramic material shiny gloss water reflections ultra high detail ultra realism 4k in plastic dark tilt shift,napoleon,0.4827113151550293,False,keyword_only,
"sci-fi airport from above view motherboard structure on the coronation of napoleon painting and digital billboard in the middle, unreal engine 5, keyshot, octane, artstation trending, ultra high detail, ultra realistic, cinematic, 8k, 16k, in style of zaha hadid, in style of nanospace Michael Menzelincev, in style of Lee SOUDER, colors in style of the Blade Runner 2049, in plastic, dark, tilt shift,",napoleon,0.25350600481033325,False,keyword_only,
"sci-fi organic brutalism speed dynamic o x u data center wall panel on the coronation of napoleon painting and digital billboard in the middle, unreal engine 5, keyshot, octane, artstation trending, ultra high detail, ultra realistic, cinematic, 8k, 16k, in style of zaha hadid, in style of nanospace artstation, in plastic,dark, tilt shift,",napoleon,0.2736241817474365,False,keyword_only,
"sci-fi wall structure on the coronation of napoleon painting and digital billboard with photogrammetry cloud in the middle, unreal engine 5, keyshot, octane, artstation trending, ultra high detail, ultra realistic, cinematic, 8k, 16k, in style of zaha hadid, in style of nanospace Michael Menzelincev, in style of Lee SOUDER, in plastic, dark, tilt shift,",napoleon,0.37877267599105835,False,keyword_only,
"digital sci-fi oily gloss reflection airport motherboard wall structure with organic forms in liquid and oil on the coronation of napoleon painting, on moon with medium size man walking with black background and digital billboard in the middle. unreal engine 5, keyshot, octane, artstation trending, by Zaha Hadid architects, by Matrix film color, high contrast pinterest black plastic, dark atmosphere pinterest tilt shift, 4k, 8k, 16k.",napoleon,0.19557735323905945,False,keyword_only,
"futuristic sci-fi brutalist organic architecture wall structure motherboard cpu on the coronation of napoleon painting, on moon, medium size woman walking. unreal engine 5, keyshot, octane, artstation trending, Zaha Hadid style architecture pinterest, Matrix film pinterest color, high contrast pinterest black plastic, dark atmosphere pinterest, black background pinterest, tilt shift.",napoleon,0.26541826128959656,False,keyword_only,
"sci-fi airport structure on the coronation of napoleon painting and digital billboard in the middle, unreal engine 5, keyshot, octane, artstation trending, ultra high detail, ultra realistic, cinematic, 8k, 16k, in style of zaha hadid, in style of photogrammetry point cloud, in plastic, dark, tilt shift,",napoleon,0.3172778785228729,False,keyword_only,
"sci-fi motherboard structure on the coronation of napoleon painting and digital billboard in the middle, unreal engine 5, keyshot, octane, artstation trending, ultra high detail, ultra realistic, cinematic, 8k, 16k, in style of zaha hadid, in style of nanospace Michael Menzelincev, in style of Lee SOUDER, colors in style of the Blade Runner 2049, in plastic, dark, tilt shift,",napoleon,0.35421067476272583,False,keyword_only,
"sci-fi organic brutalism speed dynamic o x u data center wall panel on the coronation of napoleon painting and digital billboard in the middle, unreal engine 5, keyshot, octane, artstation trending, ultra high detail, ultra realistic, cinematic, 8k, 16k, in style of zaha hadid, in style of nanospace artstation, in plastic,dark, tilt shift,",napoleon,0.27362412214279175,False,keyword_only,
"futuristic wall structure on the coronation of napoleon painting on the nanospace Michael Menzelincev artstation painting on moon, unreal engine 5, keyshot, octane, artstation trending, ultra high detail, ultra realistic, cinematic pinterest style, 8k, 16k, zaha hadid style architecture pinterest, matrix film pinterest color , high contrast pinterest plastic, dark atmosphere pinterest, on black background pinterest, volumetric lighting pinterest, tilt shift,",napoleon,0.3306139409542084,False,keyword_only,
"sci-fi airport view from above oily gloss reflection with organic forms in liquid and oil on the coronation of napoleon painting, on moon with medium size man walking with black background and digital billboard in the middle. unreal engine 5, keyshot, octane, artstation trending, by Zaha Hadid architects, high contrast pinterest black plastic, dark atmosphere pinterest tilt shift, 4k, 8k, 16k.",napoleon,0.27518099546432495,False,keyword_only,
"sci-fi cars : wall near structure on : the coronation of napoleon painting : and digital billboard in the middle, unreal engine 5, keyshot, octane, artstation trending, ultra high detail, ultra realistic, cinematic, 8k, 16k, in style of zaha hadid, in plastic, dark, tilt shift,",napoleon,0.33159783482551575,False,keyword_only,
"khyzyl saleem car : medium size: in the coronation of napoleon ceremony presentation: in liquid : 7, u, x, y, o graffiti big size forms: Kazimir Malevich big size forms : zaha hadid architecture big size forms: brutalist medium size forms: sci-fi futuristic setting: Ash Thorp car: ultra realistic phtotography, keyshot, unreal engine 5, high reflections oil, liquid high glossy, high specularity, ultra detailed, 4k, 8k, 16k",napoleon,0.2889806926250458,False,keyword_only,
"sci-fi Barcode Scanner mobile device on the coronation of napoleon painting and digital hologram in the middle, unreal engine 5, keyshot, octane, artstation trending, ultra high detail, ultra realistic, cinematic, 8k, 16k, in style of zaha hadid, colors in style of nanospace Michael Menzelincev, colors in style of the Blade Runner 2049, in plastic, dark, tilt shift,",napoleon,0.2877768278121948,False,keyword_only,
"digital sci-fi oily gloss reflection airport motherboard wall structure with organic forms in liquid and oil on the coronation of napoleon painting, on moon with medium size man walking with black background and digital billboard in the middle. unreal engine 5, keyshot, octane, artstation trending, by Zaha Hadid architects, by Matrix film color, high contrast pinterest black plastic, dark atmosphere pinterest tilt shift, 4k, 8k, 16k.",napoleon,0.19557739794254303,False,keyword_only,
big pattern noise sci-fi organic zaha hadid car ash thorp car khyzyl saleem organic car Daniel Simon design formula 1 car airbus design 25% of canvas and wall structure in the coronation of napoleon painting by Jacques-Louis David and in the blade runner 2049 film search pinterest keyshot product render cloudy plastic ceramic material shiny gloss water reflections ultra high detail ultra realism 4k in plastic dark tilt shift,napoleon,0.24726839363574982,False,keyword_only,
"Portrait of Kanye West as Emperor Napoleon in Fallout New Vegas, splash art, movie still, cinematic lighting, dramatic, octane render, long lens, shallow depth of field, bokeh, anamorphic lens flare, 8k, hyper detailed, 35mm film grain",napoleon,0.4893414080142975,False,keyword_only,
"sci-fi wall structure on the coronation of napoleon painting and photogrammetry point cloud digital billboard in the middle, unreal engine 5, keyshot, octane, artstation trending, ultra high detail, ultra realistic, cinematic, 8k, 16k, in style of zaha hadid, colors in style of nanospace Michael Menzelincev, colors in style of the Blade Runner 2049, in plastic, dark, tilt shift,",napoleon,0.4394410252571106,False,keyword_only,
"sci-fi organic brutalism speed dynamic o x u shape airport structure view from above on the coronation of napoleon painting and digital billboard in the middle, unreal engine 5, keyshot, octane, artstation trending, ultra high detail, ultra realistic, cinematic, 8k, 16k, in style of zaha hadid, in style of photogrammetry point cloud, in plastic,dark, tilt shift,",napoleon,0.2688118815422058,False,keyword_only,
"sci-fi cars wall structure on the coronation of napoleon painting and digital billboard in the middle, unreal engine 5, keyshot, octane, artstation trending, ultra high detail, ultra realistic, cinematic, 8k, 16k, in style of zaha hadid, in plastic, dark, tilt shift,",napoleon,0.3370751738548279,False,keyword_only,
sci-fi car and wall structure in the coronation of napoleon painting by Jacques-Louis David in the The Martian film 2011 and point cloud in the middle and everything in form of zaha hadid architects artwork by caravaggio unreal engine 5 keyshot octane lighting ultra high detail ultra hyper realism 8k 16k in plastic dark tilt shift full-length view,napoleon,0.2951588034629822,False,keyword_only,
"digital sci-fi oily gloss reflection airport motherboard wall structure with organic forms in liquid and oil on the coronation of napoleon painting, on moon with medium size man walking with black background and digital billboard in the middle. unreal engine 5, keyshot, octane, artstation trending, by Zaha Hadid architects, by Matrix film color, high contrast pinterest black plastic, dark atmosphere pinterest tilt shift, 4k, 8k, 16k.",napoleon,0.19557735323905945,False,keyword_only,
"realistic photo portrait of a man using an iphone, looking like napoleon, volumetric lights, trending on artstation, studio photo, intricate details, highly detailed",napoleon,0.42021384835243225,False,keyword_only,
"sci-fi motherboard structure on the coronation of napoleon painting and digital billboard in the middle, unreal engine 5, keyshot, octane, artstation trending, ultra high detail, ultra realistic, cinematic, 8k, 16k, in style of zaha hadid, in style of nanospace Michael Menzelincev, in style of Lee SOUDER, colors in style of the Blade Runner 2049, in plastic, dark, tilt shift,",napoleon,0.3542107939720154,False,keyword_only,
"digital sci-fi oily gloss reflection airport with organic brutalism forms in liquid and oil on the coronation of napoleon painting, on moon with medium size man walking with black background. unreal engine 5, keyshot, octane, artstation trending, by Zaha Hadid architects, by Matrix film color, high contrast pinterest black plastic, dark atmosphere pinterest tilt shift, 4k, 8k, 16k.",napoleon,0.21173156797885895,False,keyword_only,
sci-fi cars 50% of canvas in center and wall near structure on the coronation of napoleon painting and digital billboard in the middle and everything in style of zaha hadid and suprematism forms unreal engine 5 keyshot octane artstation trending bladerunner lighting ultra high detail ultra photo realistic 8k 16k in plastic dark tilt shift,napoleon,0.3033028542995453,False,keyword_only,
"sci-fi wall structure on the coronation of napoleon painting and photogrammetry point cloud digital billboard in the middle, unreal engine 5, keyshot, octane, artstation trending, ultra high detail, ultra realistic, cinematic, 8k, 16k, in style of zaha hadid, colors in style of nanospace Michael Menzelincev, colors in style of the Blade Runner 2049, in plastic, dark, tilt shift,",napoleon,0.4394410252571106,False,keyword_only,
sci-fi car similiar to range rover and wall structure in the coronation of napoleon painting by Jacques-Louis David in the blade runner 2049 film and point cloud in the middle and everything in form of zaha hadid architects artwork by caravaggio unreal engine 5 keyshot octane lighting ultra high detail ultra hyper realism 8k 16k in plastic dark tilt shift full-length view,napoleonic,0.2631475329399109,False,keyword_only,
"a giant fluffy squirrel carrying napoleon bonaparte on its back, beach scene, flowers and foliage, detailed oil painting",Bonaparte,0.47600775957107544,False,keyword_only,
"view from above large sci-fi airport on the coronation of napoleon painting and digital space stars billboard in the middle, unreal engine 5, keyshot, octane, artstation trending, ultra high detail, ultra realistic, cinematic, 8k, 16k, in style of zaha hadid, in style of nanospace Michael Menzelincev, in style of Lee SOUDER, in style of photogrammetry cloud, in style of Piotr Jabłoński, in plastic, dark, tilt shift,",napoleon,0.3497852385044098,False,keyword_only,
"sci-fi motherboard structure on the coronation of napoleon painting and digital billboard in the middle, unreal engine 5, keyshot, octane, artstation trending, ultra high detail, ultra realistic, cinematic, 8k, 16k, in style of zaha hadid, in style of nanospace Michael Menzelincev, in style of Lee SOUDER, colors in style of the Blade Runner 2049, in plastic, dark, tilt shift,",napoleon,0.35421067476272583,False,keyword_only,
sci-fi cars trucks motorcycles portrait 50% of canvas in center and wall near structure on the coronation of napoleon painting and digital billboard in the middle and everything in style of zaha hadid and suprematism forms unreal engine 5 keyshot octane artstation trending bladerunner 2049 colors lighting ultra high detail ultra photo realistic 8k 16k in plastic dark tilt shift,napoleon,0.3057836890220642,False,keyword_only,
"Black and White cat dressed as napoleon in full dress uniform, hyper realistic, photorealistic, extremely detailed fur, octane render, 8k, intricate details, studio lighting",napoleon,0.47886157035827637,False,keyword_only,
"sci-fi organic brutalism speed dynamic o x u airport 3d model on the table on the coronation of napoleon painting and digital billboard in the middle, unreal engine 5, keyshot, octane, artstation trending, ultra high detail, ultra realistic, cinematic, 8k, 16k, in style of zaha hadid, in style of nanospace artstation, in plastic,dark, tilt shift,",napoleon,0.28354960680007935,False,keyword_only,
"gopro picture of napoleon on his horse fighting in waterloo, trending artstation, hyper realistic, very detailed, dramatic scene, realistic lighting, anime, 4 k",napoleon,0.43552595376968384,False,keyword_only,
"Portrait of Kanye West as emperor napoleon, splash art, cinematic lighting, dramatic, octane render, long lens, shallow depth of field, bokeh, anamorphic lens flare, 8k, hyper detailed, 35mm film grain",napoleon,0.4653315544128418,False,keyword_only,
"digital sci-fi oily gloss reflection zaha hadid airport motherboard with organic forms in liquid and oil on the coronation of napoleon painting, on moon with medium size man walking with black background and digital billboard in the middle. unreal engine 5, keyshot, octane, artstation trending, by Zaha Hadid architects, by Matrix film color, high contrast pinterest black plastic, dark atmosphere pinterest tilt shift, 4k, 8k, 16k.",napoleon,0.14522525668144226,False,keyword_only,
"sci-fi organic brutalism speed dynamic o x u knight helmet on the coronation of napoleon painting and digital screen billboard in the middle, unreal engine 5, keyshot, octane, artstation trending, ultra high detail, ultra realistic, cinematic, 8k, 16k, in style of zaha hadid, in style of nanospace artstation, in plastic,dark, tilt shift,",napoleonic,0.307661235332489,False,keyword_only,
"sci-fi wall panel structure on the coronation of napoleon painting, point cloud in the middle, unreal engine 5, keyshot, octane, artstation trending, ultra high detail, ultra realistic, cinematic, 8k, 16k, in style of zaha hadid, in style of nanospace, colors in style of the Blade Runner 2049, in plastic, dark, tilt shift,",napoleon,0.40865540504455566,False,keyword_only,
"sci-fi wall structure on the coronation of napoleon painting on the nanospace Michael Menzelincev artstation painting on moon, unreal engine 5, keyshot, octane, artstation trending, ultra high detail, ultra realistic, cinematic pinterest style, 8k, 16k, zaha hadid style architecture, matrix film color , high contrast pinterest plastic, dark atmosphere pinteres, on black background pinterest, volumetric lighting pinterest, tilt shift,",napoleon,0.3328388035297394,False,keyword_only,
sci-fi wall structure logotype and car on the coronation of napoleon and digital billboard in the middle unreal engine 5 keyshot octane artstation trending ultra high detail ultra realistic cinematic 8k 16k in style of zaha hadid Maciej Kuciara Piotr Jabłoński Ruan Jia Sheng Lam Paul Chadeisson Khyzyl Saleem in plastic dark tilt shift,napoleon,0.37144678831100464,False,keyword_only,
car medium size noise sci-fi organic brutalist car forms and organic sci-fi medium size noise wall structure in the coronation of napoleon painting by Jacques-Louis David pinterest keyshot product render cloudy plastic ceramic material shiny gloss water reflections ultra high detail ultra realism 4k in plastic dark tilt shift,napoleonic,0.36735185980796814,False,keyword_only,
"sci-fi cars : wall near structure on : the coronation of napoleon painting : and digital billboard in the middle, unreal engine 5, keyshot, octane, artstation trending, ultra high detail, ultra realistic, cinematic, 8k, 16k, in style of zaha hadid, in plastic, dark, tilt shift,",napoleon,0.33159783482551575,False,keyword_only,
"sci-fi motherboard structure on the coronation of napoleon painting and digital billboard in the middle, unreal engine 5, keyshot, octane, artstation trending, ultra high detail, ultra realistic, cinematic, 8k, 16k, in style of zaha hadid, in style of nanospace Michael Menzelincev artstation, in style of Lee SOUDER artstation, colors in style of the Blade Runner 2049, in plastic, dark, tilt shift,",napoleon,0.339506059885025,False,keyword_only,
sci-fi cars 50% of canvas in center and wall near structure on the coronation of napoleon painting and digital billboard in the middle and everything in style of zaha hadid and suprematism forms unreal engine 5 keyshot octane artstation trending ultra high detail ultra photo realistic 8k 16k in plastic dark tilt shift,napoleon,0.32892757654190063,False,keyword_only,
"sci-fi cars in center and wall near structure on the coronation of napoleon painting and digital billboard in the middle and everything in style of zaha hadid and suprematism forms, unreal engine 5, keyshot, octane, artstation trending, ultra high detail, ultra photo realistic, 8k, 16k, in plastic, dark, tilt shift,",napoleon,0.31431886553764343,False,keyword_only,
"kanye west as emperor napoleon in doom eternal, splash art, movie still, cinematic lighting, dramatic, octane render, long lens, shallow depth of field, bokeh, anamorphic lens flare, 8 k, hyper detailed, 3 5 mm film grain",napoleon,0.4206003248691559,False,keyword_only,
"kanye west as emperor napoleon in mortal kombat, splash art, movie still, cinematic lighting, dramatic, octane render, long lens, shallow depth of field, bokeh, anamorphic lens flare, 8 k, hyper detailed, 3 5 mm film grain",napoleon,0.4338361620903015,False,keyword_only,
full lenght sci-fi cars in the coronation of napoleon painting by Jacques-Louis David in the blade runner 2049 film and point cloud in the middle and everything in form of zaha hadid architects artwork by caravaggio unreal engine 5 keyshot octane lighting ultra high detail ultra hyper realism 8k 16k in plastic dark tilt shift full-length view,napoleon,0.2752889394760132,False,keyword_only,
"sci-fi wall structure on the coronation of napoleon painting and digital billboard in the middle, unreal engine 5, keyshot, octane, artstation trending, ultra high detail, ultra realistic, cinematic, 8k, 16k, in style of zaha hadid, in style of photogrammetry point cloud, in plastic,dark, tilt shift,",napoleon,0.39158913493156433,False,keyword_only,
"sci-fi cars : wall near structure on : the coronation of napoleon painting : and digital billboard in the middle, in style of zaha hadid, suprematism composition, unreal engine 5, keyshot, octane, artstation trending, ultra high detail, ultra photo realistic, 8k, 16k, in plastic, dark, tilt shift,",napoleon,0.34987330436706543,False,keyword_only,
"digital sci-fi oily gloss reflection airport motherboard cpu with organic brutlism forms in liquid and oil on the coronation of napoleon painting, on moon with medium size man walking with black background. unreal engine 5, keyshot, octane, artstation trending, by Zaha Hadid architects, by Matrix film color, high contrast pinterest black plastic, dark atmosphere pinterest tilt shift, 4k, 8k, 16k.",napoleon,0.20424127578735352,False,keyword_only,
"still from the movie napoleon by stanley kubrick, 1 9 7 5, cinematic lighting, ultra realistic, panavision, wide screen, vibrant color, seventies cinema, vintage, historical drama",napoleon,0.4336407482624054,False,keyword_only,
"car Ash Thorp khyzyl saleem car on the coronation of napoleon : medium size : in oil liquid : 7, u, x, y, o graffiti big size forms: Kazimir Malevich big size forms :  zaha hadid architecture big size forms: brutalist medium size forms: ultra realistic phtotography, keyshot, unreal engine 5, high reflections oil, liquid high glossy, high specularity, ultra detailed, 4k, 8k, 16k",napoleon,0.4942878484725952,False,keyword_only,
sci-fi organic form full-lenght car and wall structure in the coronation of napoleon painting by Jacques-Louis David in the blade runner 2049 film organic architecture forms artwork by caravaggio unreal engine 5 keyshot octane lighting ultra high detail ultra hyper realism 8k 16k in plastic dark tilt shift full-length view,napoleonic,0.2883024215698242,False,keyword_only,
"portrait painting of zayn malik as with black angel wings and elf ears by jeremy mann, wearing leather napoleonic military style jacket, pointy ears, large black wings background, black wings, black angel wings",napoleon,0.2802567183971405,False,keyword_only,
"sci-fi sport car formula 1 hatchback transport design organic smooth elastic forms on the front and big sci-fi wall structure with point cloud in the coronation of napoleon painting by Jacques-Louis David unreal engine 5 lumen pinterest keyshot product render octane, dark black cloudy plastic ceramic material shiny gloss water reflections specularity, contrast blade runner 2049 film lighting ultra high detail ultra realism, 4k",napoleonic,0.32246702909469604,False,keyword_only,
"sci-fi wall structure on the coronation of napoleon painting on the nanospace Michael Menzelincev artstation painting, unreal engine 5, keyshot, octane, artstation trending, ultra high detail, ultra realistic, cinematic, 8k, 16k, zaha hadid style architecture, matrix film color , high contrast plastic, dark atmosphere, on black background, tilt shift,",napoleon,0.36969947814941406,False,keyword_only,
"futuristic sci-fi architecture wall structure motherboard cpu on the coronation of napoleon painting, on moon, medium size man human walking. unreal engine 5, keyshot, octane, artstation trending, Zaha Hadid style architecture pinterest, Matrix film pinterest color , high contrast pinterest black plastic, dark atmosphere pinterest, black background pinterest, tilt shift.",napoleon,0.29555544257164,False,keyword_only,
"sci-fi motherboard structure on the coronation of napoleon painting and digital billboard in the middle, unreal engine 5, keyshot, octane, artstation trending, ultra high detail, ultra realistic, cinematic, 8k, 16k, in style of zaha hadid, in style of nanospace Michael Menzelincev, in style of Lee SOUDER, colors in style of the Blade Runner 2049, in plastic, dark, tilt shift,",napoleon,0.35421067476272583,False,keyword_only,
"digital sci-fi oily gloss reflection airport motherboard wall structure with organic forms in liquid and oil on the coronation of napoleon painting, on moon with medium size man walking with black background and digital billboard in the middle. unreal engine 5, keyshot, octane, artstation trending, by Zaha Hadid architects, by Matrix film color, high contrast pinterest black plastic, dark atmosphere pinterest tilt shift, 4k, 8k, 16k.",napoleon,0.19557735323905945,False,keyword_only,
"sci-fi cars : wall near structure on : the coronation of napoleon painting : and digital billboard in the middle, in style of zaha hadid, suprematism composition, unreal engine 5, keyshot, octane, artstation trending, in lighting of blade runner 2049, ultra high detail, ultra photo realistic, 8k, 16k, in plastic, dark, tilt shift,",napoleon,0.3111552596092224,False,keyword_only,
"elephant with a cannon in place of its head, men in napoleonic uniforms operate cannon on a platform around the elephant's neck, the elephant walks through the streets of a medieval city, illustration, rpg, hubert robert, dying earth, body horror",napoleonic,0.4086844325065613,False,keyword_only,
sci-fi car and wall structure in the coronation of napoleon painting by Jacques-Louis David in the blade runner 2049 film and point cloud in the middle and everything in form of zaha hadid architects artwork by caravaggio unreal engine 5 keyshot octane lighting ultra high detail ultra hyper realism 8k 16k in plastic dark tilt shift full-length view,napoleon,0.30060338973999023,False,keyword_only,
sci-fi cars trucks motorcycles 50% of canvas in center and wall near structure on the coronation of napoleon and digital billboard photogrammetry point cloud in the middle and everything in style of zaha hadid and suprematism forms unreal engine 5 keyshot octane artstation trending blade runner 2049 colors lighting ultra high detail ultra photo realistic 8k 16k in plastic dark tilt shift,napoleon,0.319466233253479,False,keyword_only,
"sci-fi cars wall near structure on the coronation of napoleon painting and digital billboard in the middle, unreal engine 5, keyshot, octane, artstation trending, ultra high detail, ultra realistic, cinematic, 8k, 16k, in style of zaha hadid, in plastic, dark, tilt shift,",napoleon,0.332349956035614,False,keyword_only,
a film still from napoleon dynamite ( 2 0 0 4 ),napoleon,0.45165038108825684,False,keyword_only,
"futuristic sci-fi brutalist organic architecture wall structure motherboard cpu on the coronation of napoleon painting, on moon, medium size man woman walking. unreal engine 5, keyshot, octane, artstation trending, Zaha Hadid style architecture pinterest, Matrix film pinterest color , volumetric lighting, fantasy, ultra high detail, ultra realistic, high contrast pinterest black plastic, dark atmosphere pinterest, black background pinterest, tilt shift.",napoleon,0.23527361452579498,False,keyword_only,
"digital sci-fi oily gloss reflection zaha hadid airport motherboard with organic forms in liquid and oil on the coronation of napoleon painting, on moon with medium size man walking with black background and digital billboard in the middle. unreal engine 5, keyshot, octane, artstation trending, by Zaha Hadid architects, by Matrix film color, high contrast pinterest black plastic, dark atmosphere pinterest tilt shift, 4k, 8k, 16k.",napoleon,0.14522525668144226,False,keyword_only,
"socialist realism propaganda poster of a cat wearing napoleon dress and holding a piece of cheese, socialist realism, highly detailed, intricate, digital painting, artstation, sharp focus, illustration, art by jakub rozalski, greg rutkowski, artgerm, tan zi and ayanamikodon and alphonse mucha and wlop",napoleon,0.4579600691795349,False,keyword_only,
"kanye west as muammar kadhafi and emperor napoleon, splash art, movie still, detailed face, cinematic lighting, dramatic, octane render, long lens, shallow depth of field, bokeh, anamorphic lens flare, 8 k, hyper detailed, 3 5 mm film grain",napoleon,0.3938683867454529,False,keyword_only,
"sci-fi race : near wall structure on : the coronation of napoleon painting : and digital billboard in the middle, in style of zaha hadid, suprematism composition, unreal engine 5, keyshot, octane, artstation trending, in lighting of blade runner 2049, ultra high detail, ultra photo realistic, 8k, 16k, in plastic, dark, tilt shift,",napoleon,0.37465816736221313,False,keyword_only,
"sci-fi cars : wall near structure on : the coronation of napoleon painting : and digital billboard in the middle, unreal engine 5, keyshot, octane, artstation trending, ultra high detail, ultra realistic, cinematic, 8k, 16k, in style of zaha hadid, in plastic, dark, tilt shift,",napoleon,0.33159783482551575,False,keyword_only,
"kanye west as emperor napoleon in elden ring, splash art, movie still, cinematic lighting, dramatic, octane render, long lens, shallow depth of field, bokeh, anamorphic lens flare, 8 k, hyper detailed, 3 5 mm film grain",napoleon,0.43963831663131714,False,keyword_only,
"digital sci-fi oily airport architecture motherboard cpu in liquid on the coronation of napoleon painting, on moon with medium size woman walking with black background. unreal engine 5, keyshot, octane, artstation trending, by Zaha Hadid style architecture, by Matrix film color, high contrast pinterest black plastic, dark atmosphere pinterest tilt shift, 4k, 8k, 16k.",napoleon,0.23984186351299286,False,keyword_only,
"car Ash Thorp khyzyl saleem car : medium size: on the coronation of napoleon: in oil liquid : 7, u, x, y, o graffiti big size forms: Kazimir Malevich big size forms : zaha hadid architecture big size forms: brutalist medium size forms: ultra realistic phtotography, keyshot, unreal engine 5, high reflections oil, liquid high glossy, high specularity, ultra detailed, 4k, 8k, 16k",napoleon,0.34601110219955444,False,keyword_only,
"napoleon dynamite is elected president of the united states, 4k, realism",napoleon,0.4858132600784302,False,keyword_only,
"futuristic sci-fi architecture wall structure motherboard cpu on the coronation of napoleon painting, on moon, medium size man walking. unreal engine 5, keyshot, octane, artstation trending, 8k, 16k, Zaha Hadid style architecture pinterest, Matrix film pinterest color , high contrast pinterest black plastic, dark atmosphere pinterest, black background pinterest, tilt shift.",napoleon,0.3116454482078552,False,keyword_only,
"sci-fi organic brutalism speed dynamic o x u shape airport wall structure view from above on the coronation of napoleon painting and digital billboard in the middle, unreal engine 5, keyshot, octane, artstation trending, ultra high detail, ultra realistic, cinematic, 8k, 16k, in style of zaha hadid, in style of photogrammetry point cloud, in plastic,dark, tilt shift,",napoleon,0.26987192034721375,False,keyword_only,
"view from above sci-fi airport on the coronation of napoleon painting and digital billboard in the middle, unreal engine 5, keyshot, octane, artstation trending, ultra high detail, ultra realistic, cinematic, 8k, 16k, in style of zaha hadid, in style of nanospace Michael Menzelincev, in style of Lee SOUDER, in style of photogrammetry cloud, in plastic, dark, tilt shift,",napoleon,0.3417690694332123,False,keyword_only,
sci fi car zaha hadid 20% of canvas and wall structure in the coronation of napoleon painting by Jacques-Louis David search pinterest keyshot product render ultra high detail ultra realism 4k in plastic dark tilt shift,napoleon,0.46236586570739746,False,keyword_only,
sci-fi car dynamic organic forms structure car and wall structure in the coronation of napoleon painting by Jacques-Louis David black ceramic metal material shiny gloss water reflections search pinterest keyshot product render 4k,napoleonic,0.3631208837032318,False,keyword_only,
"sci-fi airport view from above oily gloss reflection with organic forms in liquid and oil on the coronation of napoleon painting, on moon with medium size man walking with black background and digital billboard in the middle. unreal engine 5, keyshot, octane, artstation trending, by Zaha Hadid architects, by Matrix film color, high contrast pinterest black plastic, dark atmosphere pinterest tilt shift, 4k, 8k, 16k.",napoleon,0.27274689078330994,False,keyword_only,
"kanye west as emperor napoleon in elden ring, splash art, movie still, cinematic lighting, dramatic, octane render, long lens, shallow depth of field, bokeh, anamorphic lens flare, 8 k, hyper detailed, 3 5 mm film grain",napoleon,0.43963831663131714,False,keyword_only,
full lenght sci-fi cars in the coronation of napoleon painting by Jacques-Louis David and point cloud in the middle and everything in form of zaha hadid architects artwork by caravaggio unreal engine 5 keyshot octane lighting ultra high detail ultra hyper realism 8k 16k in plastic dark tilt shift full-length view,napoleon,0.3897765278816223,False,keyword_only,
"sci-fi organic brutalism speed dynamic o x u wall panel on the coronation of napoleon painting and digital billboard in the middle, background lighting, unreal engine 5, keyshot, octane, artstation trending, ultra high detail, ultra realistic, cinematic, 8k, 16k, in style of zaha hadid, in style of nanospace artstation, in plastic,dark, tilt shift,",napoleon,0.3078860640525818,False,keyword_only,
"kanye west as muammar kadhafi as emperor napoleon in fallout new vegas, splash art, movie still, detailed face, cinematic lighting, dramatic, octane render, long lens, shallow depth of field, bokeh, anamorphic lens flare, 8 k, hyper detailed, 3 5 mm film grain",napoleon,0.38882938027381897,False,keyword_only,
"futuristic sci-fi architecture wall structure motherboard cpu on the coronation of napoleon painting, on moon, small character. unreal engine 5, keyshot, octane, artstation trending, 8k, 16k, Zaha Hadid style architecture pinterest, Matrix film pinterest color , high contrast pinterest black plastic, dark atmosphere pinterest, black background pinterest, tilt shift.",napoleon,0.34919261932373047,False,keyword_only,
"sci-fi airport view from above structure on the coronation of napoleon painting point cloud in the middle, unreal engine 5, keyshot, octane, artstation trending, ultra high detail, ultra realistic, cinematic, 8k, 16k, in style of zaha hadid, in style of nanospace, colors in style of the Blade Runner 2049, in plastic, dark, tilt shift,",napoleon,0.35398590564727783,False,keyword_only,
"kanye west as muammar kadhafi as emperor napoleon in fallout new vegas, splash art, movie still, detailed face, cinematic lighting, dramatic, octane render, long lens, shallow depth of field, bokeh, anamorphic lens flare, 8 k, hyper detailed, 3 5 mm film grain",napoleon,0.38882938027381897,False,keyword_only,
"sci-fi brutalist airport view from above structure on the coronation of napoleon painting point cloud in the middle, unreal engine 5, keyshot, octane, artstation trending, ultra high detail, ultra realistic, cinematic, 8k, 16k, in style of zaha hadid, in style of nanospace, colors in style of the Blade Runner 2049, in plastic, dark, tilt shift,",napoleon,0.3587360978126526,False,keyword_only,
"kanye west as muammar kadhafi and emperor napoleon, splash art, movie still, detailed face, cinematic lighting, dramatic, octane render, long lens, shallow depth of field, bokeh, anamorphic lens flare, 8 k, hyper detailed, 3 5 mm film grain",napoleon,0.3938683867454529,False,keyword_only,
"kanye west as kadhafi and emperor napoleon in gears of war, splash art, movie still, cinematic lighting, dramatic, octane render, long lens, shallow depth of field, bokeh, anamorphic lens flare, 8 k, hyper detailed, 3 5 mm film grain",napoleon,0.3270238935947418,False,keyword_only,
"sci-fi wall structure on the coronation of napoleon painting and digital billboard in the middle, unreal engine 5, keyshot, octane, artstation trending, ultra high detail, ultra realistic, cinematic, 8k, 16k, zaha hadid style architecture, Michael Menzelincev nanospace style, noax artstation style, blade runner 2049 style , in plastic, dark, tilt shift,",napoleon,0.37824416160583496,False,keyword_only,
"sci-fi cars : wall near structure on : the coronation of napoleon painting : and digital billboard in the middle, in style of zaha hadid, suprematism composition, unreal engine 5, keyshot, octane, artstation trending, in lighting of blade runner 2049, ultra high detail, ultra photo realistic, 8k, 16k, in plastic, dark, tilt shift,",napoleon,0.3111552596092224,False,keyword_only,
"portrait painting of zayn malik as an elf by jeremy mann, wearing leather napoleonic military style jacket, only one head single portrait, pointy ears",napoleon,0.3262140452861786,False,keyword_only,
sci-fi organic form full-lenght car and wall structure in the coronation of napoleon painting by Jacques-Louis David in the blade runner 2049 film organic architecture forms unreal engine 5 lumen lighting ultra high detail ultra realism 4k in plastic dark tilt shift full-length view,napoleon,0.2679244577884674,False,keyword_only,
"sci-fi cars : wall near structure on : the coronation of napoleon : and digital billboard in the middle, in style of zaha hadid, suprematism composition, unreal engine 5, keyshot, octane, artstation trending, in colors of blade runner 2049, ultra high detail, ultra photo realistic, 8k, 16k, in plastic, dark, tilt shift,",napoleon,0.32609736919403076,False,keyword_only,
"Portrait of Kanye West as Emperor Napoleon in Fallout New Vegas, splash art, movie still, cinematic lighting, dramatic, octane render, long lens, shallow depth of field, bokeh, anamorphic lens flare, 8k, hyper detailed, 35mm film grain",napoleon,0.4893414080142975,False,keyword_only,
"sci-fi motherboard structure on the coronation of napoleon painting and digital billboard in the middle, unreal engine 5, keyshot, octane, artstation trending, ultra high detail, ultra realistic, cinematic, 8k, 16k, in style of zaha hadid, in style of nanospace Michael Menzelincev artstation, in style of Lee SOUDER artstation, colors in style of the Blade Runner 2049, in plastic, dark, tilt shift,",napoleon,0.339506059885025,False,keyword_only,
"car Ash Thorp khyzyl saleem car : medium size: on the coronation of napoleon: in oil liquid : 7, u, x, y, o graffiti big size forms: Kazimir Malevich big size forms :  zaha hadid architecture big size forms: brutalist medium size forms: ultra realistic phtotography, keyshot, unreal engine 5, high reflections oil, liquid high glossy, high specularity, ultra detailed, 4k, 8k, 16k",napoleon,0.3460110127925873,False,keyword_only,
"An exquisite modern painting of a chimpanzee dressed like a bearded Napoleon with correct military uniform, no frames",napoleon,0.4741235673427582,False,keyword_only,
Rat dressed in napoleonic war costume leaning on his musket.,napoleonic,0.4458644390106201,False,keyword_only,
"sci-fi motherboard structure on the coronation of napoleon painting and digital billboard in the middle, unreal engine 5, keyshot, octane, artstation trending, ultra high detail, ultra realistic, cinematic, 8k, 16k, in style of zaha hadid, in style of nanospace Michael Menzelincev, in style of Lee SOUDER, colors in style of the Blade Runner 2049, in plastic, dark, tilt shift,",napoleon,0.35421067476272583,False,keyword_only,
"sci-fi sport car f1 hatchback transport design organic smooth elastic forms on the front background wall structure in the coronation of napoleon painting by Jacques-Louis David, pinterest keyshot product render, cloudy plastic ceramic material shiny gloss water reflections, ultra high detail ultra realism, 4k",napoleonic,0.3960455358028412,False,keyword_only,
"kanye west as kadhafi and emperor napoleon in gears of war, splash art, movie still, cinematic lighting, dramatic, octane render, long lens, shallow depth of field, bokeh, anamorphic lens flare, 8 k, hyper detailed, 3 5 mm film grain",napoleon,0.3270238935947418,False,keyword_only,
"kanye west as muammar kadhafi emperor napoleon in gears of war, splash art, movie still, cinematic lighting, dramatic, octane render, long lens, shallow depth of field, bokeh, anamorphic lens flare, 8 k, hyper detailed, 3 5 mm film grain",napoleon,0.37889164686203003,False,keyword_only,
"selfi stick of napoleon riding his horse in front of his army, highly detailed, photorealistic, trending on artstation, 4 k, 8 k",napoleon,0.4882315993309021,False,keyword_only,
sci-fi organic brutalist car and wall structure in the coronation of napoleon painting by Jacques-Louis David in the blade runner 2049 film organic architecture forms artwork by caravaggio unreal engine 5 keyshot octane lighting ultra high detail ultra hyper realism 8k 16k in plastic dark tilt shift full-length view,napoleon,0.3034922480583191,False,keyword_only,
"a giant squirrel carrying napoleon!!! on its back, beach scene with flowers and foliage, detailed oil painting",napoleon,0.4597315192222595,False,keyword_only,
sci-fi cars 50% of canvas in center and wall near structure on the coronation of napoleon painting and digital billboard in the middle and everything in style of zaha hadid and suprematism forms unreal engine 5 keyshot octane artstation trending bladerunner 2049 colors lighting ultra high detail ultra photo realistic 8k 16k in plastic dark tilt shift,napoleon,0.2915691137313843,False,keyword_only,
"sci-fi wall structure on the coronation of napoleon painting on moon, unreal engine 5, keyshot, octane, artstation trending, ultra high detail, ultra realistic, cinematic pinterest style, 8k, 16k, zaha hadid style architecture, matrix film color , high contrast pinterest plastic, dark atmosphere pinteres, on black background pinterest, volumetric lighting pinterest, tilt shift,",napoleon,0.4025043845176697,False,keyword_only,
"sci-fi brutalism airport from above view motherboard structure on the coronation of napoleon painting and digital billboard in the middle, unreal engine 5, keyshot, octane, artstation trending, ultra high detail, ultra realistic, cinematic, 8k, 16k, in style of zaha hadid, in style of nanospace Michael Menzelincev, in style of Lee SOUDER, colors in style of the Blade Runner 2049, in plastic, dark, tilt shift,",napoleon,0.24736842513084412,False,keyword_only,
"kanye west as emperor napoleon in elden ring, splash art, movie still, cinematic lighting, dramatic, octane render, long lens, shallow depth of field, bokeh, anamorphic lens flare, 8 k, hyper detailed, 3 5 mm film grain",napoleon,0.43963831663131714,False,keyword_only,
car a lot of noise medium size noise voronoi noise car sci-fi organic brutalist elastic smooth car forms and organic sci-fi medium size noise wall structure in the coronation of napoleon painting by Jacques-Louis David pinterest keyshot product render cloudy plastic ceramic material shiny gloss water reflections ultra high detail ultra realism 4k in plastic dark tilt shift,napoleonic,0.358352392911911,False,keyword_only,
"sci-fi organic brutalism speed dynamic o x u knight helmet on the coronation of napoleon painting and digital screen billboard in the middle, unreal engine 5, keyshot, octane, artstation trending, ultra high detail, ultra realistic, cinematic, 8k, 16k, in style of zaha hadid, in style of nanospace artstation, in plastic,dark, tilt shift,",napoleonic,0.307661235332489,False,keyword_only,
sci-fi cars trucks motorcycles 50% of canvas on the coronation of napoleon and digital billboard photogrammetry point cloud in the middle and everything in style of zaha hadid and suprematism forms unreal engine 5 keyshot octane artstation trending blade runner 2049 colors lighting ultra high detail ultra photo realistic 8k 16k in plastic dark tilt shift,napoleon,0.3096284866333008,False,keyword_only,
anime napoleon by hasui kawase by richard schmid,napoleon,0.4835831820964813,False,keyword_only,
sci-fi cars trucks motorcycles full lenght baroque on the coronation of napoleon and digital billboard photogrammetry point cloud in the middle and everything in style of zaha hadid and suprematism and cyberpunk 2077 forms artwork by caravaggio unreal engine 5 keyshot octane artstation trending blade runner 2049 colors lighting ultra high detail ultra hyper realism 8k 16k in plastic dark tilt shift full-length view,napoleon,0.3452126085758209,False,keyword_only,
"sci-fi airport view from above oily gloss reflection with organic forms in liquid and oil on the coronation of napoleon painting, on moon with medium size man walking with black background and digital billboard in the middle. unreal engine 5, keyshot, octane, artstation trending, by Zaha Hadid architects, by Matrix film color, high contrast pinterest black plastic, dark atmosphere pinterest tilt shift, 4k, 8k, 16k.",napoleon,0.2727469801902771,False,keyword_only,
"napoleon dynamite as akuma from street fighter, ultra realistic, concept art, intricate details, eerie, highly detailed, photorealistic, octane render, 8 k, unreal engine. art by artgerm and greg rutkowski and magali villeneuve and alphonse mucha",napoleon,0.38023146986961365,False,keyword_only,
full lenght sci-fi cars in the coronation of napoleon painting by Jacques-Louis David and point cloud in the middle and everything in form of zaha hadid architects artwork by caravaggio unreal engine 5 keyshot octane lighting ultra high detail ultra hyper realism 8k 16k in plastic dark tilt shift full-length view,napoleon,0.3897765278816223,False,keyword_only,
sci-fi organic zaha hadid car 30% of canvas and wall structure in the coronation of napoleon painting by Jacques-Louis David and in the blade runner 2049 film search pinterest keyshot product render 4k in dark plastic,napoleon,0.3931339979171753,False,keyword_only,
"sci-fi wall structure logotype and car on the coronation of napoleon painting and digital billboard in the middle, unreal engine 5, keyshot, octane, artstation trending, ultra high detail, ultra realistic, cinematic, 8k, 16k, in style of zaha hadid, in plastic, dark, tilt shift,",napoleon,0.3926217257976532,False,keyword_only,
full lenght sci-fi cars in the coronation of napoleon painting by Jacques-Louis David and point cloud in the middle and everything in form of zaha hadid architects artwork by caravaggio unreal engine 5 keyshot octane lighting ultra high detail ultra hyper realism 8k 16k in plastic dark tilt shift full-length view,napoleon,0.3897765278816223,False,keyword_only,
"sci-fi motherboard structure on the coronation of napoleon painting and digital billboard in the middle, unreal engine 5, keyshot, octane, artstation trending, ultra high detail, ultra realistic, cinematic, 8k, 16k, in style of zaha hadid, in style of nanospace Michael Menzelincev, in style of Lee SOUDER, colors in style of the Blade Runner 2049, in plastic, dark, tilt shift,",napoleon,0.35421067476272583,False,keyword_only,
"sci-fi organic brutalism speed dynamic o x u wall panel on the coronation of napoleon painting and digital billboard in the middle, unreal engine 5, keyshot, octane, artstation trending, ultra high detail, ultra realistic, cinematic, 8k, 16k, in style of zaha hadid, in style of nanospace artstation, in plastic,dark, tilt shift,",napoleon,0.3035532534122467,False,keyword_only,
"sci-fi motherboard airport structure on the coronation of napoleon painting and digital billboard in the middle, unreal engine 5, keyshot, octane, artstation trending, ultra high detail, ultra realistic, cinematic, 8k, 16k, in style of zaha hadid, in style of nanospace Michael Menzelincev, in style of Lee SOUDER, colors in style of the Blade Runner 2049, in plastic, dark, tilt shift,",napoleon,0.3251575231552124,False,keyword_only,
"sci-fi motherboard structure on the coronation of napoleon painting and digital billboard in the middle, unreal engine 5, keyshot, octane, artstation trending, ultra high detail, ultra realistic, cinematic, 8k, 16k, in style of zaha hadid, in style of nanospace Michael Menzelincev, in style of Lee SOUDER, colors in style of the Blade Runner 2049, in plastic, dark, tilt shift,",napoleon,0.35421067476272583,False,keyword_only,
"Still of Kanye West as Emperor Napoleon in Gears of War, splash art, movie still, cinematic lighting, dramatic, octane render, long lens, shallow depth of field, bokeh, anamorphic lens flare, 8k, hyper detailed, 35mm film grain",napoleon,0.3243604600429535,False,keyword_only,
"Kanye West as Emperor Napoleon in Gears of War, splash art, movie still, cinematic lighting, dramatic, octane render, long lens, shallow depth of field, bokeh, anamorphic lens flare, 8k, hyper detailed, 35mm film grain",napoleon,0.3595317602157593,False,keyword_only,
"car race: cars portraits, on the coronation of napoleon painting, low camera angle, motherboard forms designed by zaha hadid, sci-fi futuristic ultra realistic photography, shot by Andrei Tarkovsky, keyshot render, octane render, unreal engine 5 lumen, high oiled liquid glossy specularity reflections, ultra detailed, golden hour, dramatic lighting 4k, 8k, 16k in the style ofblade runner 2049 Cyberpunk 2077 ghost in the shell thor 2 marvel film : tilt shift: sharp focus",napoleon,0.2320491522550583,False,keyword_only,
sci-fi wall structure logotype and car on the coronation of napoleon and digital billboard in the middle in dark atmosphere by Ruan Jia Sheng Lam,napoleon,0.4046376347541809,False,keyword_only,
cars trucks motorcycles 50% of canvas on the coronation of napoleon and digital billboard photogrammetry point cloud in the middle and everything in style of zaha hadid and suprematism forms unreal engine 5 keyshot octane artstation trending blade runner 2049 lighting from the right ultra high detail detph of field 3d ultra photo realistic 8k 16k in plastic dark tilt shift,napoleon,0.3091433346271515,False,keyword_only,
"futuristic sci-fi architecture wall structure motherboard cpu on the coronation of napoleon painting, on moon, medium size man human walking. unreal engine 5, keyshot, octane, artstation trending, 8k, 16k, Zaha Hadid style architecture pinterest, Matrix film pinterest color , high contrast pinterest black plastic, dark atmosphere pinterest, black background pinterest, tilt shift.",napoleon,0.29688602685928345,False,keyword_only,
"car race: cars portraits, on the coronation of napoleon painting, low camera angle, motherboard forms designed by zaha hadid, sci-fi futuristic ultra realistic photography, shot by Andrei Tarkovsky, keyshot render, octane render, unreal engine 5 lumen, high oiled liquid glossy specularity reflections, ultra detailed, golden hour, dramatic lighting 4k, 8k, 16k in the style ofblade runner 2049 Cyberpunk 2077 ghost in the shell thor 2 marvel film : tilt shift: sharp focus",napoleon,0.2320491522550583,False,keyword_only,
"sci-fi wall structure on the coronation of napoleon painting and digital billboard in the middle, unreal engine 5, keyshot, octane, artstation trending, ultra high detail, ultra realistic, cinematic, 8k, 16k, zaha hadid style architecture, Michael Menzelincev nanospace style, noax artstation style, blade runner 2049 style , in plastic, dark, tilt shift,",napoleon,0.37824416160583496,False,keyword_only,
"sci-fi brutalism airport from above view motherboard structure on the coronation of napoleon painting and digital billboard in the middle, unreal engine 5, keyshot, octane, artstation trending, ultra high detail, ultra realistic, cinematic, 8k, 16k, in style of zaha hadid, in style of nanospace Michael Menzelincev, in style of Lee SOUDER, colors in style of the Blade Runner 2049, in plastic, dark, tilt shift,",napoleon,0.24736842513084412,False,keyword_only,
"sci-fi wall structure on the coronation of napoleon painting on the nanospace Michael Menzelincev artstation painting on moon, unreal engine 5, keyshot, octane, artstation trending, ultra high detail, ultra realistic, cinematic pinterest style, 8k, 16k, zaha hadid style architecture, matrix film color , high contrast pinterest plastic, dark atmosphere pinteres, on black background pinterest, volumetric lighting pinterest, tilt shift,",napoleon,0.33283865451812744,False,keyword_only,
sci-fi organic zaha hadid car 30% of canvas and wall structure in the coronation of napoleon painting by Jacques-Louis David and in the blade runner 2049 film search pinterest keyshot product render ultra high detail ultra realism 4k in plastic dark tilt shift,napoleon,0.3840155005455017,False,keyword_only,
sci-fi organic form car and wall structure in the coronation of napoleon painting by Jacques-Louis David in the blade runner 2049 film organic architecture forms artwork by caravaggio unreal engine 5 keyshot octane lighting ultra high detail ultra hyper realism 8k 16k in plastic dark tilt shift full-length view,napoleon,0.2841876149177551,False,keyword_only,
"sci-fi motherboard structure on the coronation of napoleon painting and digital billboard in the middle, unreal engine 5, keyshot, octane, artstation trending, ultra high detail, ultra realistic, cinematic, 8k, 16k, in style of zaha hadid, in style of nanospace Michael Menzelincev, in style of Lee SOUDER, colors in style of the Blade Runner 2049, in plastic, dark, tilt shift,",napoleon,0.3542107939720154,False,keyword_only,
"sci-fi airport view from above oily gloss reflection with organic forms in liquid and oil on the coronation of napoleon painting, on moon with medium size man walking with black background and digital billboard in the middle. unreal engine 5, keyshot, octane, artstation trending, by Zaha Hadid architects, high contrast pinterest black plastic, dark atmosphere pinterest tilt shift, 4k, 8k, 16k.",napoleon,0.27518099546432495,False,keyword_only,
"sci fi car transport design organic smooth elastic forms 30% of canvas; wall structure on the coronation of napoleon painting 20% of canvas; by Jacques-Louis David, pinterest keyshot product render, cloudy plastic ceramic material shiny gloss water reflections, ultra high detail ultra realism, 4k",napoleon,0.3369767665863037,False,keyword_only,
"Kanye West as Emperor Napoleon in Gears of War, splash art, movie still, cinematic lighting, dramatic, octane render, long lens, shallow depth of field, bokeh, anamorphic lens flare, 8k, hyper detailed, 35mm film grain",napoleon,0.3595317602157593,False,keyword_only,
"sci-fi motherboard structure on the coronation of napoleon painting and digital billboard in the middle, unreal engine 5, keyshot, octane, artstation trending, ultra high detail, ultra realistic, cinematic, 8k, 16k, in style of zaha hadid, in style of nanospace Michael Menzelincev, in style of Lee SOUDER, colors in style of the Blade Runner 2049, in plastic, dark, tilt shift,",napoleon,0.35421067476272583,False,keyword_only,
"portrait of zayn malik as an elf by turner, only one head single portrait, pointy ears, wearing a black leather napoleonic military jacket",napoleon,0.36356115341186523,False,keyword_only,
"Portrait of Kanye West as Emperor Napoleon in Fallout New Vegas, splash art, movie still, cinematic lighting, dramatic, octane render, long lens, shallow depth of field, bokeh, anamorphic lens flare, 8k, hyper detailed, 35mm film grain",napoleon,0.4893414080142975,False,keyword_only,
full lenght sci-fi cars in the coronation of napoleon painting by Jacques-Louis David in the blade runner 2049 film and point cloud in the middle and everything in form of zaha hadid architects artwork by caravaggio unreal engine 5 keyshot octane lighting ultra high detail ultra hyper realism 8k 16k in plastic dark tilt shift full-length view,napoleon,0.2752889394760132,False,keyword_only,
"sci-fi wall structure on the coronation of napoleon painting and digital billboard in the middle, unreal engine 5, keyshot, octane, artstation trending, ultra high detail, ultra realistic, cinematic, 8k, 16k, in style of zaha hadid, in style of nanospace Michael Menzelincev, in style of photogrammetry cloud, in plastic, dark, tilt shift,",napoleon,0.3811090886592865,False,keyword_only,
sci-fi organic car zaha hadid 30% of canvas and wall structure in the coronation of napoleon painting by Jacques-Louis David and in the pinterest blade runner 2049 film search pinterest keyshot product render ultra high detail ultra realism 4k in plastic dark tilt shift,napoleon,0.3614674210548401,False,keyword_only,
"futuristic sci-fi architecture wall structure motherboard on the coronation of napoleon painting, on moon, small character. unreal engine 5, keyshot, octane, artstation trending, 8k, 16k, Zaha Hadid style architecture pinterest, Matrix film pinterest color , high contrast pinterest black plastic, dark atmosphere pinterest, black background pinterest, tilt shift.",napoleon,0.36843639612197876,False,keyword_only,
"futuristic architecture wall structure motherboard on the coronation of napoleon painting on moon, unreal engine 5, keyshot, octane, artstation trending, ultra high detail, ultra realistic, cinematic pinterest style, 8k, 16k, zaha hadid style architecture pinterest, matrix film pinterest color , high contrast pinterest plastic, dark atmosphere pinterest, black background, black background, volumetric lighting pinterest, tilt shift,",napoleon,0.2980898320674896,False,keyword_only,
"giant elephant with an artillery gun for a head, men in napoleonic uniform operate the artillery gun as it fires in the streets of a medieval city, illustration, rpg, hubert robert",napoleonic,0.4998753070831299,False,keyword_only,
"sci-fi wall structure on the coronation of napoleon painting and digital billboard in the middle, unreal engine 5, keyshot, octane, artstation trending, ultra high detail, ultra realistic, cinematic, 8k, 16k, in style of zaha hadid, in style of nanospace artstation, in style of photogrammetry cloud, in plastic, dark, tilt shift,",napoleon,0.36992448568344116,False,keyword_only,
"profile shot of Napoleon speaking at the UN, dramatic, cinematic, high contrast, octane render, 4k, greyscale",napoleon,0.3666926622390747,False,keyword_only,
"sci-fi motherboard structure on the coronation of napoleon painting and digital billboard in the middle, unreal engine 5, keyshot, octane, artstation trending, ultra high detail, ultra realistic, cinematic, 8k, 16k, in style of zaha hadid, in style of nanospace Michael Menzelincev, in style of Lee SOUDER, colors in style of the Blade Runner 2049, in plastic, dark, tilt shift,",napoleon,0.3542107939720154,False,keyword_only,
"sci-fi motherboard structure on the coronation of napoleon painting and digital billboard in the middle, unreal engine 5, keyshot, octane, artstation trending, ultra high detail, ultra realistic, cinematic, 8k, 16k, in style of zaha hadid, in style of nanospace Michael Menzelincev, in style of Lee SOUDER, colors in style of the Blade Runner 2049, in plastic, dark, tilt shift,",napoleon,0.35421067476272583,False,keyword_only,
sci-fi car dynamic organic forms structure car and wall structure in middle of the coronation of napoleon painting by Jacques-Louis David black ceramic material shiny gloss water reflections search pinterest keyshot product render 4k,napoleon,0.33979159593582153,False,keyword_only,
"sci-fi brutalism airport wall structure motherboard on the coronation of napoleon painting and digital billboard in the middle, unreal engine 5, keyshot, octane, artstation trending, ultra high detail, ultra realistic, cinematic, 8k, 16k, in style of zaha hadid, in style of nanospace Michael Menzelincev, in style of Lee SOUDER, colors in style of the Blade Runner 2049, in plastic, dark, tilt shift,",napoleon,0.3020498752593994,False,keyword_only,
"sci-fi brutalist airport view from above structure on the coronation of napoleon painting and digital billboard point cloud in the middle, unreal engine 5, keyshot, octane, artstation trending, ultra high detail, ultra realistic, cinematic, 8k, 16k, in style of zaha hadid, in style of nanospace, colors in style of the Blade Runner 2049, in plastic, dark, tilt shift,",napoleon,0.3113117218017578,False,keyword_only,
"khyzyl saleem car : medium size: on the coronation of napoleon painting: in liquid : 7, u, x, y, o graffiti big size forms: Kazimir Malevich big size forms : zaha hadid architecture big size forms: brutalist medium size forms: sci-fi futuristic setting: Ash Thorp car: ultra realistic phtotography, keyshot, unreal engine 5, high reflections oil, liquid high glossy, high specularity, ultra detailed, 4k, 8k, 16k",napoleon,0.288713276386261,False,keyword_only,
"sci-fi motherboard airport structure on the coronation of napoleon painting and digital billboard in the middle, unreal engine 5, keyshot, octane, artstation trending, ultra high detail, ultra realistic, cinematic, 8k, 16k, in style of zaha hadid, in style of nanospace Michael Menzelincev, in style of Lee SOUDER, colors in style of the Blade Runner 2049, in plastic, dark, tilt shift,",napoleon,0.3251575231552124,False,keyword_only,
"Portrait of Kanye West as Emperor Napoleon in Fallout New Vegas, splash art, movie still, cinematic lighting, dramatic, octane render, long lens, shallow depth of field, bokeh, anamorphic lens flare, 8k, hyper detailed, 35mm film grain",napoleon,0.4893414080142975,False,keyword_only,
"rutalist sci-fi motherboard airport view from above structure on the coronation of napoleon painting and digital billboard point cloud in the middle, unreal engine 5, keyshot, octane, artstation trending, ultra high detail, ultra realistic, cinematic, 8k, 16k, in style of zaha hadid, in style of nanospace, in plastic, dark, tilt shift,",napoleon,0.3122784197330475,False,keyword_only,
"jack nicholson as napoleon, seventies cinema, vintage, cinematic lighting, ultra realistic, panavision, wide screen, vibrant color",napoleon,0.4558163285255432,False,keyword_only,
"5 images of dream futuristic architecture wall structure motherboard on the coronation of napoleon painting on moon. unreal engine 5, keyshot, octane, artstation trending, 8k, 16k, zaha hadid style architecture pinterest, matrix film pinterest color , high contrast pinterest plastic, dark atmosphere pinterest, black background, tilt shift.",napoleon,0.3120957016944885,False,keyword_only,
full lenght sci-fi cars in the coronation of napoleon painting by Jacques-Louis David car in the blade runner 2049 film and point cloud in the middle car in form of zaha hadid architects artwork by caravaggio unreal engine 5 keyshot octane lighting ultra high detail ultra hyper realism 8k 16k in plastic dark tilt shift full-length view,napoleon,0.27324730157852173,False,keyword_only,
"rutalist sci-fi motherboard airport view from above structure on the coronation of napoleon painting and digital billboard point cloud in the middle, unreal engine 5, keyshot, octane, artstation trending, ultra high detail, ultra realistic, cinematic, 8k, 16k, in style of zaha hadid, in style of nanospace, in plastic, dark, tilt shift,",napoleon,0.31227853894233704,False,keyword_only,
sci-fi organic zaha hadid car 30% of canvas and wall structure in the coronation of napoleon painting by Jacques-Louis David and in the blade runner 2049 film search pinterest keyshot product render 4k in dark plastic,napoleon,0.3931339979171753,False,keyword_only,
"An ultra realistic portrait painting of Napoleon Bonapart flying in space in the style of Frank Frazetta, 4k, Ultra realistic, Highly detailed, Dark fantasy, Epic lighting",napoleon,0.4611515402793884,False,keyword_only,
"car Ash Thorp khyzyl saleem car : medium size: in the coronation of napoleon painting : in oil liquid : 7, u, x, y, o graffiti big size forms: Kazimir Malevich big size forms :  zaha hadid architecture big size forms: brutalist medium size forms: ultra realistic phtotography, keyshot, unreal engine 5, high reflections oil, liquid high glossy, high specularity, ultra detailed, 4k, 8k, 16k",napoleon,0.32638534903526306,False,keyword_only,
sci-fi car zaha hadid wall structure logotype and car on the coronation of napoleon and digital billboard in the middle artwork in style of Ruan Jia Sheng Lam,napoleon,0.36156031489372253,False,keyword_only,
sci-fi cars 50% of canvas in center and wall near structure on the coronation of napoleon painting and digital billboard in the middle and everything in style of zaha hadid and suprematism forms unreal engine 5 keyshot octane artstation trending ultra high detail ultra photo realistic 8k 16k in plastic dark tilt shift,napoleon,0.32892757654190063,False,keyword_only,
"sci-fi motherboard structure on the coronation of napoleon painting and digital billboard in the middle, unreal engine 5, keyshot, octane, artstation trending, ultra high detail, ultra realistic, cinematic, 8k, 16k, in style of zaha hadid, in style of nanospace Michael Menzelincev, in style of Lee SOUDER, colors in style of the Blade Runner 2049, in plastic, dark, tilt shift,",napoleon,0.35421067476272583,False,keyword_only,
"view from above large sci-fi airport on the coronation of napoleon painting and digital space stars billboard in the middle, unreal engine 5, keyshot, octane, artstation trending, ultra high detail, ultra realistic, cinematic, 8k, 16k, in style of zaha hadid, in style of nanospace Michael Menzelincev, in style of Lee SOUDER, in style of photogrammetry cloud, in style of Piotr Jabłoński, in plastic, dark, tilt shift,",napoleon,0.3497852385044098,False,keyword_only,
"sci-fi organic brutalism speed dynamic o x u wall panel on the coronation of napoleon painting and digital billboard in the middle, unreal engine 5, keyshot, octane, artstation trending, ultra high detail, ultra realistic, cinematic, 8k, 16k, in style of zaha hadid, in style of nanospace artstation, in plastic,dark, tilt shift,",napoleon,0.30355337262153625,False,keyword_only,
"digital sci-fi oily gloss reflection airport motherboard cpu in liquid and oil on the coronation of napoleon painting, on moon with medium size man walking with black background. unreal engine 5, keyshot, octane, artstation trending, by Zaha Hadid architects, by Matrix film color, high contrast pinterest black plastic, dark atmosphere pinterest tilt shift, 4k, 8k, 16k.",napoleon,0.2206026315689087,False,keyword_only,
"sci-fi brutalism airport wall structure motherboard on the coronation of napoleon painting and digital billboard in the middle, unreal engine 5, keyshot, octane, artstation trending, ultra high detail, ultra realistic, cinematic, 8k, 16k, in style of zaha hadid, in style of Lee SOUDER, colors in style of the Blade Runner 2049, in plastic, dark, tilt shift,",napoleon,0.3316868841648102,False,keyword_only,
sci-fi dynamic organic forms structure car 30% size and wall structure in the coronation of napoleon painting by Jacques-Louis David and in the blade runner 2049 film search pinterest keyshot product render 4k in dark plastic,napoleon,0.28432169556617737,False,keyword_only,
woman in napoleonic dress standing on the back of a galloping horse on a battlefield,napoleonic,0.47068357467651367,False,keyword_only,
sci-fi organic zaha hadid car 50% size and wall structure in the coronation of napoleon painting by Jacques-Louis David and in the blade runner 2049 film search pinterest keyshot product render 4k in dark plastic,napoleon,0.38679027557373047,False,keyword_only,
"sci-fi motherboard structure on the coronation of napoleon painting and digital billboard in the middle, unreal engine 5, keyshot, octane, artstation trending, ultra high detail, ultra realistic, cinematic, 8k, 16k, in style of zaha hadid, in style of nanospace Michael Menzelincev, in style of Lee SOUDER, colors in style of the Blade Runner 2049, in plastic, dark, tilt shift,",napoleon,0.3542107939720154,False,keyword_only,
"sci-fi speed x y u shape wall structure on the coronation of napoleon painting and digital billboard in the middle, unreal engine 5, keyshot, octane, artstation trending, ultra high detail, ultra realistic, cinematic, 8k, 16k, in style of zaha hadid, in style of photogrammetry point cloud, in plastic,dark, tilt shift,",napoleon,0.3487122654914856,False,keyword_only,
"sci-fi wall structure on the coronation of napoleon painting on the nanospace Michael Menzelincev artstation painting, unreal engine 5, keyshot, octane, artstation trending, ultra high detail, ultra realistic, cinematic, 8k, 16k, zaha hadid style architecture, matrix film color , high contrast plastic, dark atmosphere, on black background, tilt shift,",napoleon,0.3696993589401245,False,keyword_only,
"sci-fi wall structure on the coronation of napoleon painting and digital billboard in the middle, unreal engine 5, keyshot, octane, artstation trending, ultra high detail, ultra realistic, cinematic, 8k, 16k, in style of zaha hadid, in style of photogrammetry point cloud, in plastic, dark, tilt shift,",napoleon,0.39158913493156433,False,keyword_only,
"sci-fi wall structure on the coronation of napoleon painting on the nanospace Michael Menzelincev artstation painting on moon, unreal engine 5, keyshot, octane, artstation trending, ultra high detail, ultra realistic, cinematic pinterest style, 8k, 16k, zaha hadid style architecture, matrix film color , high contrast pinterest plastic, dark atmosphere pinteres, on black background pinterest, volumetric lighting pinterest, tilt shift,",napoleon,0.33283865451812744,False,keyword_only,
"5 images of dream futuristic architecture wall structure motherboard on the coronation of napoleon painting, on moon, small character. unreal engine 5, keyshot, octane, artstation trending, 8k, 16k, Zaha Hadid style architecture pinterest, Matrix film pinterest color , high contrast pinterest black plastic, dark atmosphere pinterest, black background pinterest, tilt shift.",napoleon,0.3078908622264862,False,keyword_only,
full lenght sci-fi cars in the coronation of napoleon painting by Jacques-Louis David and point cloud in the middle and everything in form of zaha hadid architects artwork by caravaggio unreal engine 5 keyshot octane lighting ultra high detail ultra hyper realism 8k 16k in plastic dark tilt shift full-length view,napoleon,0.3897765278816223,False,keyword_only,
"sci-fi wall panel structure on the coronation of napoleon painting and photogrammetry point cloud digital billboard in the middle, unreal engine 5, keyshot, octane, artstation trending, ultra high detail, ultra realistic, cinematic, 8k, 16k, in style of zaha hadid, colors in style of nanospace Michael Menzelincev, colors in style of the Blade Runner 2049, in plastic, dark, tilt shift,",napoleon,0.4295267164707184,False,keyword_only,
"sci-fi wall structure on the coronation of napoleon painting and photogrammetry point cloud digital billboard in the middle, unreal engine 5, keyshot, octane, artstation trending, ultra high detail, ultra realistic, cinematic, 8k, 16k, in style of zaha hadid, in style of nanospace Michael Menzelincev, lighting in style of the Blade Runner 2049, in plastic, dark, tilt shift,",napoleon,0.4256811738014221,False,keyword_only,
"sci-fi organic brutalism speed dynamic o x u data center wall panel on the coronation of napoleon painting and digital billboard in the middle, unreal engine 5, keyshot, octane, artstation trending, ultra high detail, ultra realistic, cinematic, 8k, 16k, in style of zaha hadid, in style of nanospace artstation, in plastic,dark, tilt shift,",napoleon,0.27362412214279175,False,keyword_only,
sci-fi cars trucks motorcycles 50% of canvas in center and wall near structure on the coronation of napoleon and digital billboard photogrammetry point cloud in the middle and everything in style of zaha hadid and suprematism forms unreal engine 5 keyshot octane artstation trending in style of blade runner 2049 2017 ultra high detail ultra photo realistic 8k 16k in plastic dark tilt shift,napoleon,0.31768566370010376,False,keyword_only,
"sci-fi wall structure on the coronation of napoleon painting and digital billboard with photogrammetry cloud in the middle, unreal engine 5, keyshot, octane, artstation trending, ultra high detail, ultra realistic, cinematic, 8k, 16k, in style of zaha hadid, in style of nanospace Michael Menzelincev, in style of Lee SOUDER, in plastic, dark, tilt shift,",napoleon,0.37877267599105835,False,keyword_only,
"sci-fi wall panel structure on the coronation of napoleon painting and photogrammetry point cloud digital billboard in the middle, unreal engine 5, keyshot, octane, artstation trending, ultra high detail, ultra realistic, cinematic, 8k, 16k, in style of zaha hadid, colors in style of nanospace Michael Menzelincev, colors in style of the Blade Runner 2049, in plastic, dark, tilt shift,",napoleon,0.4295267164707184,False,keyword_only,
"portrait of an anthropomorphic octopus as napolean bonaparte, dramatic lighting, highly detailed, digital painting, artstation, concept art, smooth, sharp focus, illustration, art by wlop, mars ravelo and greg rutkowski",Bonaparte,0.4627235531806946,False,keyword_only,
sci-fi cars 30% of canvas in center and wall near structure on the coronation of napoleon painting and digital billboard in the middle and everything in style of zaha hadid and suprematism forms unreal engine 5 keyshot octane artstation trending ultra high detail ultra photo realistic 8k 16k in plastic dark tilt shift,napoleon,0.34186720848083496,False,keyword_only,
"a giant squirrel!!!! carrying napoleon bonaparte on its back, beach scene with flowers and foliage, detailed oil painting",napoleon,0.4039452075958252,False,keyword_only,
A painting of a rabbit wearing a napoleon-era officer's uniform,napoleonic,0.43959859013557434,False,keyword_only,
"khyzyl saleem car : medium size: on the coronation of napoleon: in liquid : 7, u, x, y, o graffiti big size forms: Kazimir Malevich big size forms :  zaha hadid architecture big size forms: brutalist medium size forms: sci-fi futuristic setting: Ash Thorp car: ultra realistic phtotography, keyshot, unreal engine 5, high reflections oil, liquid high glossy, high specularity, ultra detailed, 4k, 8k, 16k",napoleon,0.29626595973968506,False,keyword_only,
"sci-fi wall structure on the coronation of napoleon painting and digital billboard in the middle, unreal engine 5, keyshot, octane, artstation trending, ultra high detail, ultra realistic, cinematic, 8k, 16k, in style of zaha hadid, in style of nanospace artstation, in style of photogrammetry cloud, in plastic, dark, tilt shift,",napoleon,0.3699246048927307,False,keyword_only,
"a giant squirrel carrying napoleon bonaparte on its back, beach scene with flowers and foliage, detailed oil painting",Bonaparte,0.4875597059726715,False,keyword_only,
"sci-fi airport structure on the coronation of napoleon painting and digital billboard in the middle, unreal engine 5, keyshot, octane, artstation trending, ultra high detail, ultra realistic, cinematic, 8k, 16k, in style of zaha hadid, in style of photogrammetry point cloud, in plastic,dark, tilt shift,",napoleon,0.3172778785228729,False,keyword_only,
"highly detailed oil painting | very intricate | cinematic lighting | black, white and gold color scheme, dark background | emperor napoleon by alexander mcqueen | by roberto ferri, by tom bagshaw, by singer sargent and klimt, american romanticism, occult art | by austin osman spare, artstation, cgsociety, official art, octane",napoleon,0.45816659927368164,False,keyword_only,
"sci-fi airport oily gloss reflection with organic forms in liquid and oil on the coronation of napoleon painting, on moon with medium size man walking with black background and digital billboard in the middle. unreal engine 5, keyshot, octane, artstation trending, by Zaha Hadid architects, by Matrix film color, high contrast pinterest black plastic, dark atmosphere pinterest tilt shift, 4k, 8k, 16k.",napoleon,0.26139017939567566,False,keyword_only,
"sci-fi organic brutalism speed dynamic o x u data center wall panel on the coronation of napoleon painting and digital billboard in the middle, unreal engine 5, keyshot, octane, artstation trending, ultra high detail, ultra realistic, cinematic, 8k, 16k, in style of zaha hadid, in style of nanospace artstation, in plastic,dark, tilt shift,",napoleon,0.2736241817474365,False,keyword_only,
"head and shoulders portrait painting of young man who looks like zayn malik as an elf by jeremy mann, wearing leather napoleonic military style jacket, only one head single portrait, pointy ears, black background, soft top lighting, moody, shadowed",napoleon,0.3238193988800049,False,keyword_only,
"kanye wst as muammar kadhafi as emperor napoleon in fallout, splash art, movie still, detailed face, cinematic lighting, dramatic, octane render, long lens, shallow depth of field, bokeh, anamorphic lens flare, 8 k, hyper detailed, 3 5 mm film grain",napoleon,0.3446996808052063,False,keyword_only,
"kanye west as muammar kadhafi and emperor napoleon, splash art, movie still, detailed face, cinematic lighting, dramatic, octane render, long lens, shallow depth of field, bokeh, anamorphic lens flare, 8 k, hyper detailed, 3 5 mm film grain",napoleon,0.3938683867454529,False,keyword_only,
"portrait painting of zayn malik as an elf by jeremy mann, wearing leather napoleonic military style jacket, only one head single portrait, pointy ears",napoleon,0.3262140452861786,False,keyword_only,
sci-fi cars trucks motorcycles 50% of canvas in center and wall near structure on the coronation of napoleon and digital billboard photogrammetry point cloud in the middle and everything in style of zaha hadid and suprematism forms unreal engine 5 keyshot octane artstation trending blade runner 2049 colors lighting ultra high detail ultra photo realistic 8k 16k in plastic dark tilt shift,napoleon,0.319466233253479,False,keyword_only,
"car Ash Thorp khyzyl saleem car : medium size: on the coronation of napoleon: in oil liquid : 7, u, x, y, o graffiti big size forms: Kazimir Malevich big size forms :  zaha hadid architecture big size forms: brutalist medium size forms: ultra realistic phtotography, keyshot, unreal engine 5, high reflections oil, liquid high glossy, high specularity, ultra detailed, 4k, 8k, 16k",napoleon,0.3460110127925873,False,keyword_only,
"Live Action Still of Jerma in Napoleon Dynamite, real life, hyperrealistic, ultra realistic, realistic, highly detailed, epic, HD quality, 8k resolution, body and headshot, film still",napoleon,0.2848207950592041,False,keyword_only,
"sci-fi airport on the coronation of napoleon painting view from above oily gloss reflection with organic forms in liquid and oil, on moon with medium size man walking with black background and digital billboard in the middle. unreal engine 5, keyshot, octane, artstation trending, by Zaha Hadid architects, by Matrix film color, high contrast pinterest black plastic, dark atmosphere pinterest tilt shift, 4k, 8k, 16k.",napoleon,0.38423800468444824,False,keyword_only,
sci-fi car and wall structure in the coronation of napoleon painting by Jacques-Louis David in the blade runner 2049 film and point cloud in the middle and everything in form of zaha hadid architects artwork by caravaggio unreal engine 5 keyshot octane lighting ultra high detail ultra hyper realism 8k 16k in plastic dark tilt shift full-length view,napoleon,0.30060338973999023,False,keyword_only,
"sci-fi wall structure on the coronation of napoleon painting and photogrammetry point cloud digital billboard in the middle, unreal engine 5, keyshot, octane, artstation trending, ultra high detail, ultra realistic, cinematic, 8k, 16k, in style of zaha hadid, in style of nanospace Michael Menzelincev, in style of the Blade Runner 2049, in plastic, dark, tilt shift,",napoleon,0.4392206072807312,False,keyword_only,
"sci-fi 3d car, zaha hadid, wall structure, logotype, car, on, the coronation of napoleon painting, digital billboard in the middle, trending on artstation, octane render pinterest, keyshot product render pinterest, reflections, gloss, shiny, artwork in style of Sheng Lam",napoleon,0.3680611550807953,False,keyword_only,
"sci-fi sport car f1 hatchback transport design organic smooth elastic forms 20% of canvas; backgroundwall structure on the coronation of napoleon painting 20% of canvas; by Jacques-Louis David, pinterest keyshot product render, cloudy plastic ceramic material shiny gloss water reflections, ultra high detail ultra realism, 4k",napoleonic,0.333757221698761,False,keyword_only,
"sci-fi organic brutalism speed dynamic o x u wall panel on the coronation of napoleon painting and digital billboard in the middle, unreal engine 5, keyshot, octane, artstation trending, ultra high detail, ultra realistic, cinematic, 8k, 16k, in style of zaha hadid, in style of nanospace artstation, in plastic,dark, tilt shift,",napoleon,0.30355337262153625,False,keyword_only,
full lenght starship in the coronation of napoleon painting by Jacques-Louis David in the blade runner 2049 film and point cloud in the middle and everything in form of zaha hadid architects artwork by caravaggio unreal engine 5 keyshot octane lighting ultra high detail ultra hyper realism 8k 16k in plastic dark tilt shift full-length view,napoleonic,0.27639591693878174,False,keyword_only,
"photo portrait of the lovechild of napoleon dynamite and paul blart from new york, realistic, hyperrealistic, 8 k resolution, hd quality, very detailed, highly detailed, intricate details, real life, real world, trending on artstation, digital art, really realistic, very realistic, headshot, head in frame, stock image",napoleon,0.46332406997680664,False,keyword_only,
"sci-fi wall structure on the coronation of napoleon painting and digital billboard in the middle, unreal engine 5, keyshot, octane, artstation trending, ultra high detail, ultra realistic, cinematic, 8k, 16k, zaha hadid style architecture, Michael Menzelincev nanospace style, noax artstation style, blade runner 2049 style , in plastic, dark, tilt shift,",napoleon,0.37824416160583496,False,keyword_only,
"futuristic sci-fi organic airport architecture motherboard cpu on the coronation of napoleon painting, on moon, medium size woman walking. unreal engine 5, keyshot, octane, artstation trending, Zaha Hadid style architecture pinterest, Matrix film pinterest color, high contrast pinterest black plastic, dark atmosphere pinterest, black background pinterest, tilt shift.",napoleon,0.3014989197254181,False,keyword_only,
"kanye west as muammar kadhafi as emperor napoleon in fallout, splash art, movie still, detailed face, cinematic lighting, dramatic, octane render, long lens, shallow depth of field, bokeh, anamorphic lens flare, 8 k, hyper detailed, 3 5 mm film grain",napoleon,0.3640429377555847,False,keyword_only,
"sci-fi cars : wall near structure on : the coronation of napoleon painting : and digital billboard in the middle, unreal engine 5, keyshot, octane, artstation trending, ultra high detail, ultra realistic, cinematic, 8k, 16k, in style of zaha hadid, in plastic, dark, tilt shift,",napoleon,0.33159783482551575,False,keyword_only,
"sci-fi sport car formula 1 hatchback transport design organic smooth elastic forms on the front background digital billboard with point cloud in the coronation of napoleon painting by Jacques-Louis David unreal engine 5 lumen pinterest keyshot product render octane, dark black cloudy plastic ceramic material shiny gloss water reflections specularity, contrast lighting ultra high detail ultra realism, 4k",napoleonic,0.3690100312232971,False,keyword_only,
sci-fi organic zaha hadid car 50% size and wall structure in the coronation of napoleon painting by Jacques-Louis David and in the blade runner 2049 film search pinterest keyshot product render 4k in dark plastic,napoleon,0.38679027557373047,False,keyword_only,
sci-fi organic form car and wall structure in the coronation of napoleon painting by Jacques-Louis David in the blade runner 2049 film organic architecture forms artwork by caravaggio unreal engine 5 keyshot octane lighting ultra high detail ultra hyper realism 8k 16k in plastic dark tilt shift full-length view,napoleon,0.2841876149177551,False,keyword_only,
"sci-fi cars : wall near structure on : the coronation of napoleon painting : and digital billboard in the middle, in style of zaha hadid, suprematism composition, unreal engine 5, keyshot, octane, artstation trending, ultra high detail, ultra realistic, cinematic, 8k, 16k, in plastic, dark, tilt shift,",napoleon,0.3411021828651428,False,keyword_only,
"kanye west as kadhafi and emperor napoleon in gears of war, splash art, movie still, cinematic lighting, dramatic, octane render, long lens, shallow depth of field, bokeh, anamorphic lens flare, 8 k, hyper detailed, 3 5 mm film grain",napoleon,0.3270238935947418,False,keyword_only,
"sci-fi Barcode Scanner mobile device panel structure on the coronation of napoleon painting and digital hologram in the middle, unreal engine 5, keyshot, octane, artstation trending, ultra high detail, ultra realistic, cinematic, 8k, 16k, in style of zaha hadid, colors in style of nanospace Michael Menzelincev, colors in style of the Blade Runner 2049, in plastic, dark, tilt shift,",napoleon,0.23976312577724457,False,keyword_only,
"Peppa pig as Emperor Napoleon in Gears of War, splash art, movie still, cinematic lighting, dramatic, octane render, long lens, shallow depth of field, bokeh, anamorphic lens flare, 8k, hyper detailed, 35mm film grain",napoleon,0.35922932624816895,False,keyword_only,
"sci-fi wall structure logotype and car on the coronation of napoleon and digital billboard in the middle, unreal engine 5, keyshot, octane, artstation trending, ultra high detail, ultra realistic, cinematic, 8k, 16k, in style of zaha hadid, in plastic, dark, tilt shift,",napoleon,0.40918847918510437,False,keyword_only,
"digital sci-fi oily airport architecture motherboard cpu in liquid on the coronation of napoleon painting, on moon with medium size woman walking with black background. unreal engine 5, keyshot, octane, artstation trending, by Zaha Hadid style architecture, by Matrix film color, high contrast pinterest black plastic, dark atmosphere pinterest tilt shift, 4k, 8k, 16k.",napoleon,0.23984186351299286,False,keyword_only,
"khyzyl saleem car : medium size: in the coronation of napoleon  ceremony: in liquid : 7, u, x, y, o graffiti big size forms: Kazimir Malevich big size forms :  zaha hadid architecture big size forms: brutalist medium size forms: sci-fi futuristic setting: Ash Thorp car: ultra realistic phtotography, keyshot, unreal engine 5, high reflections oil, liquid high glossy, high specularity, ultra detailed, 4k, 8k, 16k",napoleon,0.28552284836769104,False,keyword_only,
"5 images of dream futuristic architecture wall structure motherboard on the coronation of napoleon painting on moon. unreal engine 5, keyshot, octane, artstation trending, 8k, 16k, zaha hadid style architecture pinterest, matrix film pinterest color , high contrast pinterest plastic, dark atmosphere pinterest, black background, tilt shift.",napoleon,0.3120957016944885,False,keyword_only,
full lenght sci-fi cars in the coronation of napoleon painting by Jacques-Louis David in the blade runner 2049 film on the moon and point cloud in the middle and everything in form of zaha hadid architects artwork by caravaggio unreal engine 5 keyshot octane lighting ultra high detail ultra hyper realism 8k 16k in plastic dark tilt shift full-length view,napoleon,0.25778651237487793,False,keyword_only,
"sci-fi wall structure on the coronation of napoleon painting and digital billboard in the middle, unreal engine 5, keyshot, octane, artstation trending, ultra high detail, ultra realistic, cinematic, 8k, 16k, in style of zaha hadid, in plastic, dark, tilt shift,",napoleon,0.4159984886646271,False,keyword_only,
sci-fi cars trucks motorcycles 50% of canvas in center and wall near structure on the coronation of napoleon and digital billboard photogrammetry point cloud in the middle and everything in style of zaha hadid and suprematism forms unreal engine 5 keyshot octane artstation trending in style of blade runner 2049 2017 ultra high detail ultra photo realistic 8k 16k in plastic dark tilt shift,napoleon,0.3176857531070709,False,keyword_only,
"kanye west as emperor napoleon in elden ring, splash art, movie still, cinematic lighting, dramatic, octane render, long lens, shallow depth of field, bokeh, anamorphic lens flare, 8 k, hyper detailed, 3 5 mm film grain",napoleon,0.43963831663131714,False,keyword_only,
"sci-fi wall structure logotype and car on the coronation of napoleon painting and digital billboard in the middle, unreal engine 5, keyshot, octane, artstation trending, ultra high detail, ultra realistic, cinematic, 8k, 16k, in style of zaha hadid, in plastic, dark, tilt shift,",napoleon,0.3926217257976532,False,keyword_only,
"Still of Kanye West as Emperor Napoleon in Gears of War, splash art, movie still, cinematic lighting, dramatic, octane render, long lens, shallow depth of field, bokeh, anamorphic lens flare, 8k, hyper detailed, 35mm film grain",napoleon,0.3243604600429535,False,keyword_only,
"portrait of divine emperor paul atreides, handsome, astronaut, cannula, dieselpunk steampunk napoleonic french baroque, metal shoulder pauldrons, intricate, highly detailed, digital painting, artstation, concept art, sharp focus, cinematic lighting, illustration, art by artgerm and greg rutkowski, alphonse mucha, cgsociety",napoleonic,0.39136070013046265,False,keyword_only,
"sci-fi motherboard brutalism organic structure on the coronation of napoleon painting and digital billboard in the middle, unreal engine 5, keyshot, octane, artstation trending, ultra high detail, ultra realistic, cinematic, 8k, 16k, in style of zaha hadid, in style of nanospace Michael Menzelincev, in style of Lee SOUDER, colors in style of the Blade Runner 2049, in plastic, dark, tilt shift,",napoleon,0.30245035886764526,False,keyword_only,
sci-fi organic zaha hadid full-lenght car and wall structure in the coronation of napoleon painting by Jacques-Louis David and in the blade runner 2049 film search pinterest keyshot product render 4k in dark plastic,napoleon,0.32539284229278564,False,keyword_only,
"sci-fi industrial crate on the coronation of napoleon painting and digital hologram in the middle, unreal engine 5, keyshot, octane, artstation trending, ultra high detail, ultra realistic, cinematic, 8k, 16k, in style of zaha hadid, colors in style of nanospace Michael Menzelincev, colors in style of the Blade Runner 2049, in plastic, dark, tilt shift,",napoleonic,0.3881065845489502,False,keyword_only,
"portrait painting of zayn malik as an elf by jeremy mann, wearing leather napoleonic military style jacket, only one head single portrait, pointy ears",napoleon,0.3262140452861786,False,keyword_only,
"sci-fi 3d organic car and wall structure car, in the coronation of napoleon painting, and digital billboard in the middle. octane render pinterest, keyshot product render, water reflections gloss shiny in luquid",napoleon,0.36130934953689575,False,keyword_only,
"an impressionist oil painting of napoleon bonaparte on a white horse, very detailed, sharp, 8 k",Bonaparte,0.46470582485198975,False,keyword_only,
sci-fi wall structure logotype and car on the coronation of napoleon and digital billboard in the middle in dark atmosphere by Ruan Jia Sheng Lam,napoleon,0.4046376347541809,False,keyword_only,
sci-fi cars trucks motorcycles 50% of canvas in center and wall near structure on the coronation of napoleon painting and digital billboard in the middle and everything in style of zaha hadid and suprematism forms unreal engine 5 keyshot octane artstation trending bladerunner 2049 colors lighting ultra high detail ultra photo realistic 8k 16k in plastic dark tilt shift,napoleon,0.30061328411102295,False,keyword_only,
"sci-fi cars wall near structure on the coronation of napoleon painting and digital billboard in the middle, unreal engine 5, keyshot, octane, artstation trending, ultra high detail, ultra realistic, cinematic, 8k, 16k, in style of zaha hadid, in plastic, dark, tilt shift,",napoleon,0.332349956035614,False,keyword_only,
"sci-fi wall structure panel on the coronation of napoleon painting and digital hologram in the middle, unreal engine 5, keyshot, octane, artstation trending, ultra high detail, ultra realistic, cinematic, 8k, 16k, in style of zaha hadid, colors in style of nanospace Michael Menzelincev, colors in style of the Blade Runner 2049, in plastic, dark, tilt shift,",napoleon,0.39908310770988464,False,keyword_only,
"sci-fi wall structure on the coronation of napoleon painting on the nanospace Michael Menzelincev artstation painting on moon, unreal engine 5, keyshot, octane, artstation trending, ultra high detail, ultra realistic, cinematic pinterest style, 8k, 16k, zaha hadid style architecture, matrix film color , high contrast pinterest plastic, dark atmosphere pinteres, on black background pinterest, volumetric lighting pinterest, tilt shift,",napoleon,0.33283865451812744,False,keyword_only,
first person point of view from the artillery battery during a napoleonic war. highly detailed depicting the artillery,napoleonic,0.49212411046028137,False,keyword_only,
"sci-fi cars : wall near structure on : the coronation of napoleon painting : and digital billboard in the middle, in style of zaha hadid, suprematism composition, unreal engine 5, keyshot, octane, artstation trending, in lighting of blade runner 2049, ultra high detail, ultra photo realistic, 8k, 16k, in plastic, dark, tilt shift,",napoleon,0.3111552596092224,False,keyword_only,
sci-fi organic zaha hadid car ash thorp car khyzyl saleem organic car 50% of canvas and wall structure in the coronation of napoleon painting by Jacques-Louis David and in the blade runner 2049 film search pinterest keyshot product render cloudy plastic ceramic material shiny gloss water reflections ultra high detail ultra realism 4k in plastic dark tilt shift,napoleon,0.2980685830116272,False,keyword_only,
"sci-fi organic brutalism speed dynamic o x u shape wall structure view from above on the coronation of napoleon painting and digital screen billboard in the middle, unreal engine 5, keyshot, octane, artstation trending, ultra high detail, ultra realistic, cinematic, 8k, 16k, in style of zaha hadid, in style of photogrammetry point cloud, in plastic,dark, tilt shift,",napoleon,0.29553186893463135,False,keyword_only,
"futuristic sci-fi architecture wall structure motherboard cpu on the coronation of napoleon painting, on moon, medium size man human walking. unreal engine 5, keyshot, octane, artstation trending, Zaha Hadid style architecture pinterest, Matrix film pinterest color , high contrast pinterest black plastic, dark atmosphere pinterest, black background pinterest, tilt shift.",napoleon,0.29555544257164,False,keyword_only,
"view from above large sci-fi airport on the coronation of napoleon painting and digital space stars billboard in the middle, unreal engine 5, keyshot, octane, artstation trending, ultra high detail, ultra realistic, cinematic, 8k, 16k, in style of zaha hadid, in style of nanospace Michael Menzelincev, in style of Lee SOUDER, in style of photogrammetry cloud, in style of Piotr Jabłoński, in plastic, dark, tilt shift,",napoleon,0.3497852385044098,False,keyword_only,
"car truck race sci-fi wall structure on the coronation of napoleon painting and digital billboard in the middle, unreal engine 5, keyshot, octane, artstation trending, ultra high detail, ultra realistic, cinematic, 8k, 16k, in style of zaha hadid : in plastic : dark dramatic sunset lighting : tilt shift camera",napoleon,0.3511132001876831,False,keyword_only,
"khyzyl saleem car : medium size: on the coronation of napoleon: in oil liquid reflections : 7, u, x, y, o graffiti big size forms: Kazimir Malevich big size forms : zaha hadid architecture big size forms: brutalist medium size forms: sci-fi futuristic setting: Ash Thorp car: ultra realistic phtotography, keyshot, unreal engine 5, high reflections oil, liquid high glossy, high specularity, ultra detailed, 4k, 8k, 16k",napoleon,0.28192946314811707,False,keyword_only,
"sci-fi wall structure shape on the coronation of napoleon painting and digital billboard in the middle, unreal engine 5, keyshot, octane, artstation trending, ultra high detail, ultra realistic, cinematic, 8k, 16k, in style of zaha hadid, in style of nanospace Michael Menzelincev, in style of Lee SOUDER, colors in style of the Blade Runner 2049, in plastic, dark, tilt shift,",napoleon,0.3746751844882965,False,keyword_only,
"sci-fi wall structure on the coronation of napoleon painting on the nanospace Michael Menzelincev artstation painting, unreal engine 5, keyshot, octane, artstation trending, ultra high detail, ultra realistic, cinematic, 8k, 16k, zaha hadid style architecture, blade runner 2049 color , in plastic, dark, tilt shift,",napoleon,0.37848612666130066,False,keyword_only,
sci-fi car dynamic organic forms structure car and wall structure in the coronation of napoleon painting by Jacques-Louis David black ceramic metal material shiny gloss water reflections search pinterest keyshot product render 4k,napoleonic,0.3631208837032318,False,keyword_only,
"sci-fi motherboard structure with fern leaves form on the coronation of napoleon painting and digital billboard in the middle, unreal engine 5, keyshot, octane, artstation trending, ultra high detail, ultra realistic, cinematic, 8k, 16k, in style of zaha hadid, in style of nanospace Michael Menzelincev, in style of Lee SOUDER, colors in style of the Blade Runner 2049, in plastic, dark, tilt shift,",napoleon,0.27685901522636414,False,keyword_only,
"sci-fi airport structure on the coronation of napoleon painting and digital billboard in the middle, unreal engine 5, keyshot, octane, artstation trending, ultra high detail, ultra realistic, cinematic, 8k, 16k, in style of zaha hadid, in style of photogrammetry point cloud, in plastic, dark, tilt shift,",napoleon,0.3172778785228729,False,keyword_only,
"sci-fi organic brutalism speed dynamic o x u shape wall structure view from above on the coronation of napoleon painting and digital screen billboard in the middle, unreal engine 5, keyshot, octane, artstation trending, ultra high detail, ultra realistic, cinematic, 8k, 16k, in style of zaha hadid, in style of photogrammetry point cloud, in plastic,dark, tilt shift,",napoleon,0.29553186893463135,False,keyword_only,
a cat dressed as Napoleon holding cheese by M. C. Escher,napoleon,0.47204476594924927,False,keyword_only,
"view from above large sci-fi airport on the coronation of napoleon painting and digital space stars billboard in the middle, unreal engine 5, keyshot, octane, artstation trending, ultra high detail, ultra realistic, cinematic, 8k, 16k, in style of zaha hadid, in style of nanospace Michael Menzelincev, in style of Piotr Jabłoński, in plastic, dark, tilt shift,",napoleon,0.3497161269187927,False,keyword_only,
"khyzyl saleem car : medium size: on the coronation of napoleon painting: in liquid : 7, u, x, y, o graffiti big size forms: Kazimir Malevich big size forms : zaha hadid architecture big size forms: brutalist medium size forms: sci-fi futuristic setting: Ash Thorp car: ultra realistic phtotography, keyshot, unreal engine 5, high reflections oil, liquid high glossy, high specularity, ultra detailed, 4k, 8k, 16k",napoleon,0.288713276386261,False,keyword_only,
"5 images of dream futuristic architecture wall structure motherboard on the coronation of napoleon painting on moon. unreal engine 5, keyshot, octane, artstation trending, 8k, 16k, zaha hadid style architecture pinterest, matrix film pinterest color , high contrast pinterest plastic, dark atmosphere pinterest, black background, tilt shift.",napoleon,0.3120957016944885,False,keyword_only,
"digital sci-fi oily gloss reflection airport motherboard cpu in liquid and oil on the coronation of napoleon painting, on moon with medium size man walking with black background. unreal engine 5, keyshot, octane, artstation trending, by Zaha Hadid architects, by Matrix film color, high contrast pinterest black plastic, dark atmosphere pinterest tilt shift, 4k, 8k, 16k.",napoleon,0.2206026315689087,False,keyword_only,
cars trucks motorcycles 50% of canvas on the coronation of napoleon and digital billboard photogrammetry point cloud in the middle and everything in style of zaha hadid and suprematism forms unreal engine 5 keyshot octane artstation trending blade runner 2049 lighting from the right ultra high detail detph of field 3d ultra photo realistic 8k 16k in plastic dark tilt shift,napoleon,0.3091432452201843,False,keyword_only,
"car race: cars portraits, on the coronation of napoleon painting, low camera angle, motherboard forms designed by zaha hadid, sci-fi futuristic ultra realistic photography, shot by Andrei Tarkovsky, keyshot render, octane render, unreal engine 5 lumen, high oiled liquid glossy specularity reflections, ultra detailed, golden hour, dramatic lighting 4k, 8k, 16k in the style ofblade runner 2049 Cyberpunk 2077 ghost in the shell thor 2 marvel film : tilt shift: sharp focus",napoleon,0.2320491522550583,False,keyword_only,
"sci-fi sport car formula 1 hatchback transport design organic smooth elastic forms on the front background digital billboard with point cloud in the coronation of napoleon painting by Jacques-Louis David unreal engine 5 lumen pinterest keyshot product render octane, dark black cloudy plastic ceramic material shiny gloss water reflections specularity, contrast lighting ultra high detail ultra realism, 4k",napoleonic,0.3690100312232971,False,keyword_only,
"sci-fi sport car f1 hatchback transport design organic smooth elastic forms 20% of canvas on the front; background wall structure on the coronation of napoleon painting 20% of canvas; by Jacques-Louis David, pinterest keyshot product render, cloudy plastic ceramic material shiny gloss water reflections, ultra high detail ultra realism, 4k",napoleonic,0.318228542804718,False,keyword_only,
"sci-fi wall panel motherboard on the coronation of napoleon painting and point cloud in the middle, unreal engine 5, keyshot, octane, artstation trending, ultra high detail, ultra realistic, cinematic, 8k, 16k, in style of zaha hadid architecture, colors in style of nanospace Michael Menzelincev, in style of Lee SOUDER, colors in style of the Blade Runner 2049, in plastic, dark, tilt shift,",napoleon,0.33426010608673096,False,keyword_only,
"a football stadium in the style of napoleonic france architecture, art by greg rutkowski and artgerma, stunning concept art, exterior design",napoleonic,0.36244991421699524,False,keyword_only,
"napoleon dynamite playing with dynamite 3 d studiomax, maya 3 d, unrealengine, 4 k, 8 k, hdr, extreme render, mind - bending reality, hyper detailed, wide angle ultra - vivid, photo - realistic nikon 3 5 mm, photograph",napoleon,0.4530389606952667,False,keyword_only,
"a giant fluffy squirrel carrying napoleon bonaparte on its back, beach scene, flowers and foliage, detailed oil painting",Bonaparte,0.47600775957107544,False,keyword_only,
"futuristic sci-fi organic airport architecture motherboard cpu on the coronation of napoleon painting, on moon, medium size woman walking. unreal engine 5, keyshot, octane, artstation trending, Zaha Hadid style architecture pinterest, Matrix film pinterest color, high contrast pinterest black plastic, dark atmosphere pinterest, black background pinterest, tilt shift.",napoleon,0.3014989197254181,False,keyword_only,
"sci-fi 3d car, zaha hadid, wall structure, logotype, car, on, the coronation of napoleon painting, digital billboard in the middle, trending on artstation, octane render pinterest, keyshot product render pinterest, reflections, gloss, shiny, artwork in style of Sheng Lam",napoleon,0.3680611550807953,False,keyword_only,
"sci-fi motherboard structure on the coronation of napoleon painting and digital billboard in the middle, unreal engine 5, keyshot, octane, artstation trending, ultra high detail, ultra realistic, cinematic, 8k, 16k, in style of zaha hadid, in style of nanospace Michael Menzelincev, in style of Lee SOUDER, colors in style of the Blade Runner 2049, in plastic, dark, tilt shift,",napoleon,0.3542107939720154,False,keyword_only,
sci-fi cars trucks motorcycles 50% of canvas on the coronation of napoleon and digital billboard photogrammetry point cloud in the middle and everything in style of zaha hadid and suprematism forms unreal engine 5 keyshot octane artstation trending blade runner 2049 colors lighting ultra high detail ultra photo realistic 8k 16k in plastic dark tilt shift,napoleon,0.3096284866333008,False,keyword_only,
"head and shoulders portrait painting of young man who looks like zayn malik as an elf by jeremy mann, wearing leather napoleonic military style jacket, only one head single portrait, pointy ears, black background, soft top lighting, dark and moody, shadowed, contrast",napoleon,0.3192972242832184,False,keyword_only,
"ultra high detail transport design oblivion film zaha hadid forms car and wall structure in middle of the coronation of napoleon painting by Jacques-Louis David black ceramic material shiny gloss water reflections search pinterest keyshot product render ultra realism 4k, 8k, 16k",napoleon,0.3166258931159973,False,keyword_only,
"sci-fi cars on the coronation of napoleon painting and digital billboard in the middle, unreal engine 5, keyshot, octane, artstation trending, ultra high detail, ultra realistic, cinematic, 8k, 16k, in style of zaha hadid, in plastic, dark, tilt shift,",napoleon,0.32645782828330994,False,keyword_only,
"just Napoleon Bonaparte standing on floor alone, is on the street of Jamestown in Santa Elena. no horses, watching a **gigantic monster** that looks like a mixture of monk-fish with crocodile limbs, wet and slimy with a very large mouth,dragging its enormous weight with effort on a beach, there are people fleeing in terror, photo-realistic, stormy sky, photo by national geographical",napoleon,0.4747745990753174,False,keyword_only,
sci-fi organic form car and wall structure in the coronation of napoleon painting by Jacques-Louis David in the blade runner 2049 film organic architecture forms artwork by caravaggio unreal engine 5 keyshot octane lighting ultra high detail ultra hyper realism 8k 16k in plastic dark tilt shift full-length view,napoleon,0.2841876149177551,False,keyword_only,
"5 images of dream futuristic architecture wall structure motherboard on the coronation of napoleon painting, on moon, small character. unreal engine 5, keyshot, octane, artstation trending, 8k, 16k, Zaha Hadid style architecture pinterest, Matrix film pinterest color , high contrast pinterest black plastic, dark atmosphere pinterest, black background pinterest, tilt shift.",napoleon,0.3078908622264862,False,keyword_only,
"sci-fi wall structure on the coronation of napoleon painting on moon, unreal engine 5, keyshot, octane, artstation trending, ultra high detail, ultra realistic, cinematic pinterest style, 8k, 16k, zaha hadid style architecture, matrix film color , high contrast pinterest plastic, dark atmosphere pinteres, on black background pinterest, volumetric lighting pinterest, tilt shift,",napoleon,0.4025043845176697,False,keyword_only,
"Portrait of Kanye West as Emperor Napoleon in Fallout New Vegas, splash art, movie still, cinematic lighting, dramatic, octane render, long lens, shallow depth of field, bokeh, anamorphic lens flare, 8k, hyper detailed, 35mm film grain",napoleon,0.4893414080142975,False,keyword_only,
"futuristic wall structure on the coronation of napoleon painting on the nanospace Michael Menzelincev artstation painting on moon, unreal engine 5, keyshot, octane, artstation trending, ultra high detail, ultra realistic, cinematic pinterest style, 8k, 16k, zaha hadid style architecture pinterest, matrix film pinterest color , high contrast pinterest plastic, dark atmosphere pinterest, on black background pinterest, volumetric lighting pinterest, tilt shift,",napoleon,0.3306138515472412,False,keyword_only,
"sci-fi wall structure on the coronation of napoleon painting on the nanospace Michael Menzelincev artstation painting, unreal engine 5, keyshot, octane, artstation trending, ultra high detail, ultra realistic, cinematic, 8k, 16k, zaha hadid style architecture, matrix film color , high contrast plastic, dark atmosphere, on black background, tilt shift,",napoleon,0.3696993589401245,False,keyword_only,
"car truck race sci-fi wall structure on the coronation of napoleon painting and digital billboard in the middle, unreal engine 5, keyshot, octane, artstation trending, ultra high detail, ultra realistic, cinematic, 8k, 16k, in style of zaha hadid, in plastic, dark, tilt shift,",napoleon,0.3070673942565918,False,keyword_only,
"sci-fi motherboard brutalism organic structure on the coronation of napoleon painting and digital billboard in the middle, unreal engine 5, keyshot, octane, artstation trending, ultra high detail, ultra realistic, cinematic, 8k, 16k, in style of zaha hadid, in style of nanospace Michael Menzelincev, in style of Lee SOUDER, colors in style of the Blade Runner 2049, in plastic, dark, tilt shift,",napoleon,0.30245041847229004,False,keyword_only,
"sci-fi organic brutalism speed dynamic o x u wall structure on the coronation of napoleon painting and digital screen billboard in the middle, unreal engine 5, keyshot, octane, artstation trending, ultra high detail, ultra realistic, cinematic, 8k, 16k, in style of zaha hadid, in style of nanospace artstation, in plastic,dark, tilt shift,",napoleon,0.2816595435142517,False,keyword_only,
"sci-fi motherboard structure on the coronation of napoleon painting and digital billboard in the middle, unreal engine 5, keyshot, octane, artstation trending, ultra high detail, ultra realistic, cinematic, 8k, 16k, in style of zaha hadid, in style of nanospace Michael Menzelincev, in style of Lee SOUDER, colors in style of the Blade Runner 2049, in plastic, dark, tilt shift,",napoleon,0.35421067476272583,False,keyword_only,
"car truck race sci-fi wall structure on the coronation of napoleon painting and digital billboard in the middle, unreal engine 5, keyshot, octane, artstation trending, ultra high detail, ultra realistic, cinematic, 8k, 16k, in style of zaha hadid, in plastic, dark, tilt shift,",napoleon,0.3070673942565918,False,keyword_only,
"Volodymyr Zelensky at war, dressed like Napoleon Bonaparte, sitting on the ground between dead corpses and weeping, holding a half burnt blue and yellow flag of Ukraine, in the style of Peter Paul Rubens",napoleon,0.4463281035423279,False,keyword_only,
"a napoleonic infantryman taking a selfie, in the style of a school book photo.",napoleonic,0.48165756464004517,False,keyword_only,
"futuristic sci-fi architecture wall structure motherboard cpu on the coronation of napoleon painting, on moon, medium size man human walking. unreal engine 5, keyshot, octane, artstation trending, Zaha Hadid style architecture pinterest, Matrix film pinterest color , high contrast pinterest black plastic, dark atmosphere pinterest, black background pinterest, tilt shift.",napoleon,0.29555544257164,False,keyword_only,
"sci-fi airport on the coronation of napoleon painting view from above oily gloss reflection with organic forms in liquid and oil, on moon with medium size man walking with black background and digital billboard in the middle. unreal engine 5, keyshot, octane, artstation trending, by Zaha Hadid architects, by Matrix film color, high contrast pinterest black plastic, dark atmosphere pinterest tilt shift, 4k, 8k, 16k.",napoleon,0.38423800468444824,False,keyword_only,
sci-fi car: zaha hadid : wall structure : logotype : and car on : the coronation of napoleon : and : digital billboard : in the middle : artwork in style of : Ruan Jia : Sheng Lam :,napoleon,0.39191433787345886,False,keyword_only,
"sci-fi organic brutalism speed dynamic o x u shape airport wall structure view from above on the coronation of napoleon painting and digital billboard in the middle, unreal engine 5, keyshot, octane, artstation trending, ultra high detail, ultra realistic, cinematic, 8k, 16k, in style of zaha hadid, in style of photogrammetry point cloud, in plastic,dark, tilt shift,",napoleon,0.26987192034721375,False,keyword_only,
"sci-fi organic brutalism speed dynamic o x u wall structure on the coronation of napoleon painting and digital screen billboard in the middle, unreal engine 5, keyshot, octane, artstation trending, ultra high detail, ultra realistic, cinematic, 8k, 16k, in style of zaha hadid, in style of nanospace artstation, in plastic,dark, tilt shift,",napoleon,0.2816595435142517,False,keyword_only,
sci-fi organic zaha hadid car ash thorp car khyzyl saleem organic car Daniel Simon design 25% of canvas and wall structure in the coronation of napoleon painting by Jacques-Louis David and in the blade runner 2049 film search pinterest keyshot product render cloudy plastic ceramic material shiny gloss water reflections ultra high detail ultra realism 4k in plastic dark tilt shift,napoleon,0.26741448044776917,False,keyword_only,
"sci-fi wall structure shape x o y on the coronation of napoleon painting and digital billboard in the middle, unreal engine 5, keyshot, octane, artstation trending, ultra high detail, ultra realistic, cinematic, 8k, 16k, in style of zaha hadid, in style of nanospace Michael Menzelincev, in style of Lee SOUDER, colors in style of the Blade Runner 2049 cloud, in plastic, dark, tilt shift,",napoleon,0.3500986099243164,False,keyword_only,
a propaganda poster depicting a realistic looking cat dressed as french emperor napoleon holding a piece of cheese,napoleon,0.49241122603416443,False,keyword_only,
"sci-fi 3d car, organic wall structure, car, on, the coronation of napoleon painting, digital billboard in the middle, trending on artstation, octane render pinterest, keyshot product render pinterest, reflections, gloss, shiny, artwork in style of Sheng Lam",napoleon,0.3898797631263733,False,keyword_only,
"view from above large sci-fi airport on the coronation of napoleon painting and digital space stars billboard in the middle, unreal engine 5, keyshot, octane, artstation trending, ultra high detail, ultra realistic, cinematic, 8k, 16k, in style of zaha hadid, in style of nanospace Michael Menzelincev, in style of Piotr Jabłoński, in plastic, dark, tilt shift,",napoleon,0.3497161269187927,False,keyword_only,
"sci-fi airport view from above structure on the coronation of napoleon painting point cloud in the middle, unreal engine 5, keyshot, octane, artstation trending, ultra high detail, ultra realistic, cinematic, 8k, 16k, in style of zaha hadid, in style of nanospace, colors in style of the Blade Runner 2049, in plastic, dark, tilt shift,",napoleon,0.35398590564727783,False,keyword_only,
"sci-fi motherboard structure on the coronation of napoleon painting and digital billboard in the middle, unreal engine 5, keyshot, octane, artstation trending, ultra high detail, ultra realistic, cinematic, 8k, 16k, in style of zaha hadid, in style of nanospace Michael Menzelincev, in style of Lee SOUDER, colors in style of the Blade Runner 2049, in plastic, dark, tilt shift,",napoleon,0.35421067476272583,False,keyword_only,
"sci-fi wall structure on the coronation of napoleon painting and photogrammetry point cloud digital billboard in the middle, unreal engine 5, keyshot, octane, artstation trending, ultra high detail, ultra realistic, cinematic, 8k, 16k, in style of zaha hadid, in style of nanospace Michael Menzelincev, in style of Dima Goryainov artstation, in style of Blade Runner 2049 lighting, in style of Ghost in the Shell lighting, in style of cyberpunk 2077 website, in plastic, dark, tilt shift,",napoleon,0.4382342994213104,False,keyword_only,
"cyberpunk napoleon as the leader of a futuristic communist nation, cybernetics, sharp lines, digital, artstation, colored in",napoleon,0.4744970202445984,False,keyword_only,
"Napoleon Crossing the Alps, Jacques-Louis David, instax, polaroid picture, found footage",napoleon,0.38760074973106384,False,keyword_only,
"kanye west as emperor napoleon in mortal kombat, splash art, movie still, cinematic lighting, dramatic, octane render, long lens, shallow depth of field, bokeh, anamorphic lens flare, 8 k, hyper detailed, 3 5 mm film grain",napoleon,0.4338361620903015,False,keyword_only,
"sci-fi wall structure on the coronation of napoleon painting and digital billboard in the middle, unreal engine 5, keyshot, octane, artstation trending, ultra high detail, ultra realistic, cinematic, 8k, 16k, in style of zaha hadid, in plastic, dark, tilt shift,",napoleon,0.41599854826927185,False,keyword_only,
"khyzyl saleem car : medium size: in the coronation of napoleon ceremony: in liquid : 7, u, x, y, o graffiti big size forms: motherboard medium size forms : Kazimir Malevich big size forms : zaha hadid architecture big size forms: brutalist medium size forms: sci-fi futuristic setting: Ash Thorp car: ultra realistic phtotography, keyshot, unreal engine 5, high reflections oil, liquid high glossy, high specularity, ultra detailed, 4k, 8k, 16k",napoleon,0.2817299962043762,False,keyword_only,
"1990s Hi-8 footage of Napoleon conducting at the Sydney Opera House, candid wide photograph, 18mm",napoleon,0.49178174138069153,False,keyword_only,
"sci-fi motherboard brutalism organic structure on the coronation of napoleon painting and digital billboard in the middle, unreal engine 5, keyshot, octane, artstation trending, ultra high detail, ultra realistic, cinematic, 8k, 16k, in style of zaha hadid, in style of nanospace Michael Menzelincev, in style of Lee SOUDER, colors in style of the Blade Runner 2049, in plastic, dark, tilt shift,",napoleon,0.30245041847229004,False,keyword_only,
"sci-fi wall structure logotype and car on the coronation of napoleon and digital billboard in the middle, unreal engine 5, keyshot, octane, artstation trending, ultra high detail, ultra realistic, cinematic, 8k, 16k, in style of zaha hadid, in plastic, dark, tilt shift,",napoleon,0.40918847918510437,False,keyword_only,
"Live Action Still of Jerma in Napoleon Dynamite, real life, hyperrealistic, ultra realistic, realistic, highly detailed, epic, HD quality, 8k resolution, body and headshot, film still",napoleon,0.2848207950592041,False,keyword_only,
"sci-fi airport on the coronation of napoleon painting view from above oily gloss reflection specularity with organic forms in liquid and oil, on moon with medium size man walking with black background and digital billboard in the middle. unreal engine 5, keyshot, octane, artstation trending, by Zaha Hadid architects, by Matrix film color, high contrast pinterest black plastic, dark atmosphere pinterest tilt shift, 4k, 8k, 16k.",napoleon,0.3805209994316101,False,keyword_only,
"sci-fi wall structure shape on the coronation of napoleon painting and digital billboard in the middle, unreal engine 5, keyshot, octane, artstation trending, ultra high detail, ultra realistic, cinematic, 8k, 16k, in style of zaha hadid, in style of nanospace Michael Menzelincev, in style of Lee SOUDER, colors in style of the Blade Runner 2049, in plastic, dark, tilt shift,",napoleon,0.3746751844882965,False,keyword_only,
"sci-fi motherboard structure y x o u on the coronation of napoleon painting and digital billboard in the middle, unreal engine 5, keyshot, octane, artstation trending, ultra high detail, ultra realistic, cinematic, 8k, 16k, in style of zaha hadid, in style of nanospace Michael Menzelincev, in style of Lee SOUDER, colors in style of the Blade Runner 2049, in plastic, dark, tilt shift,",napoleon,0.24622727930545807,False,keyword_only,
sci-fi cars 50% of canvas in center and wall near structure on the coronation of napoleon and digital billboard photogrammetry point cloud in the middle and everything in style of zaha hadid and suprematism forms painting done by jeremy geddes art unreal engine 5 keyshot octane artstation trending in style of blade runner 2049 2017 ultra high detail ultra photo realistic 8k 16k in plastic dark tilt shift,napoleon,0.37082672119140625,False,keyword_only,
"Kanye West as emperor napoleon, League of Legends amazing splashscreen artwork, splash art, hd wallpaper, ultra high details, artstation",napoleon,0.4138394892215729,False,keyword_only,
sci-fi cars 50% of canvas in center and wall near structure on the coronation of napoleon and digital billboard photogrammetry point cloud in the middle and everything in style of zaha hadid and suprematism forms painting done by jeremy geddes art unreal engine 5 keyshot octane artstation trending in style of blade runner 2049 2017 ultra high detail ultra photo realistic 8k 16k in plastic dark tilt shift,napoleon,0.37082672119140625,False,keyword_only,
"a giant squirrel!!!! carrying napoleon bonaparte on its back, beach scene with flowers and foliage, detailed oil painting",napoleon,0.4039452075958252,False,keyword_only,
"sci-fi airport on moon with medium size man walking and digital billboard in the middle view from above oily gloss reflection with organic forms in liquid and oil on the coronation of napoleon painting, with black background. unreal engine 5, keyshot, octane, artstation trending, by Zaha Hadid architects, by Matrix film color, high contrast pinterest black plastic, dark atmosphere pinterest tilt shift, 4k, 8k, 16k.",napoleon,0.2845047116279602,False,keyword_only,
"sci-fi wall structure on the coronation of napoleon painting on the nanospace Michael Menzelincev artstation painting on moon, unreal engine 5, keyshot, octane, artstation trending, ultra high detail, ultra realistic, cinematic pinterest style, 8k, 16k, zaha hadid style architecture, matrix film color , high contrast pinterest plastic, dark atmosphere pinteres, on black background pinterest, volumetric lighting pinterest, tilt shift,",napoleon,0.33283865451812744,False,keyword_only,
snoop dogg wearing royal clothing telling Napoleon to drop it like it's hot in a castle,napoleon,0.47832947969436646,False,keyword_only,
"sci-fi race : near wall structure on : the coronation of napoleon painting : and digital billboard in the middle, in style of zaha hadid, suprematism composition, unreal engine 5, keyshot, octane, artstation trending, in lighting of blade runner 2049, ultra high detail, ultra photo realistic, 8k, 16k, in plastic, dark, tilt shift,",napoleon,0.37465816736221313,False,keyword_only,
sci-fi car dynamic organic forms structure car 30% size and wall structure in the coronation of napoleon painting by Jacques-Louis David and in the blade runner 2049 film search pinterest keyshot product render 4k in dark plastic,napoleon,0.269217312335968,False,keyword_only,
sci fi car zaha hadid 20% of canvas and wall structure in the coronation of napoleon painting by Jacques-Louis David search pinterest keyshot product render ultra high detail ultra realism 4k in plastic dark tilt shift,napoleon,0.46236586570739746,False,keyword_only,
"sci-fi futuristic clear wall panel structure y x o u on the coronation of napoleon painting and point cloud in the middle, unreal engine 5, keyshot, octane, artstation trending, ultra high detail, ultra realistic, cinematic, 8k, 16k, primary in style of zaha hadid, in style of nanospace Michael Menzelincev, in style of Lee SOUDER, colors in style of the Blade Runner 2049, in plastic, dark, tilt shift,",napoleon,0.3420790433883667,False,keyword_only,
"sci-fi organic brutalism speed dynamic o x u wall panel on the coronation of napoleon painting and digital billboard in the middle, unreal engine 5, keyshot, octane, artstation trending, ultra high detail, ultra realistic, cinematic, 8k, 16k, in style of zaha hadid, in style of nanospace artstation, in plastic,dark, tilt shift,",napoleon,0.3035532534122467,False,keyword_only,
"realistic photo portrait of a man using an iphone, looking like napoleon, volumetric lights, trending on artstation, studio photo, intricate details, highly detailed",napoleon,0.42021384835243225,False,keyword_only,
"sci-fi airport panel tile view from above on the coronation of napoleon painting and digital billboard in the middle, unreal engine 5, keyshot, octane, artstation trending, ultra high detail, ultra realistic, cinematic, 8k, 16k, in style of zaha hadid, colors in style of nanospace Michael Menzelincev, colors in style of the Blade Runner 2049, in plastic, dark, tilt shift,",napoleon,0.2978587746620178,False,keyword_only,
"car Ash Thorp khyzyl saleem car on the coronation of napoleon : medium size : in oil liquid : 7, u, x, y, o graffiti medium size forms: Kazimir Malevich forms : zaha hadid architecture medium size forms: brutalist medium size forms: ultra realistic phtotography, keyshot, unreal engine 5, high reflections oil, liquid high glossy, high specularity, ultra detailed, 4k, 8k, 16k",napoleon,0.4867895841598511,False,keyword_only,
"sci-fi sport car f1 hatchback transport design organic smooth elastic forms 20% of canvas on the front; background wall structure on the coronation of napoleon painting 20% of canvas; by Jacques-Louis David, pinterest keyshot product render, cloudy plastic ceramic material shiny gloss water reflections, ultra high detail ultra realism, 4k",napoleonic,0.3182283341884613,False,keyword_only,
"napoleon dynamite playing with dynamite 3 d studiomax, maya 3 d, unrealengine, 4 k, 8 k,",napoleon,0.34177955985069275,False,keyword_only,
"sci-fi cars : wall near structure on : the coronation of napoleon painting : and digital billboard in the middle, in style of zaha hadid, suprematism composition, unreal engine 5, keyshot, octane, artstation trending, ultra high detail, ultra realistic, cinematic, 8k, 16k, in plastic, dark, tilt shift,",napoleon,0.3411021828651428,False,keyword_only,
sci-fi cars 50% of canvas in center and wall near structure on the coronation of napoleon and digital billboard photogrammetry point cloud in the middle and everything in style of zaha hadid and suprematism forms painting done by jeremy geddes art unreal engine 5 keyshot octane artstation trending in style of blade runner 2049 2017 ultra high detail ultra photo realistic 8k 16k in plastic dark tilt shift,napoleon,0.37082672119140625,False,keyword_only,
sci-fi organic zaha hadid car 50% of canvas and wall structure in the coronation of napoleon painting by Jacques-Louis David and in the blade runner 2049 film search pinterest keyshot product render ultra high detail ultra realism 4k in plastic dark tilt shift,napoleon,0.36328285932540894,False,keyword_only,
sci-fi organic form car 50% of canvas and wall structure in the coronation of napoleon painting by Jacques-Louis David and in the blade runner 2049 film organic architecture forms search pinterest keyshot product render ultra high detail ultra realism 4k in plastic dark tilt shift,napoleon,0.2444223016500473,False,keyword_only,
"khyzyl saleem car : medium size: in the coronation of napoleon ceremony: 7, u, x, y, o graffiti big size forms: motherboard medium size forms : Kazimir Malevich big size forms : zaha hadid architecture big size forms: brutalist medium size forms: sci-fi futuristic setting: Ash Thorp car: ultra realistic phtotography, keyshot, unreal engine 5, high reflections oil, liquid high glossy, high specularity, ultra detailed, 4k, 8k, 16k",napoleon,0.29093796014785767,False,keyword_only,
sci-fi organic brutalist car and wall structure in the coronation of napoleon painting by Jacques-Louis David in the blade runner 2049 film organic architecture forms artwork by caravaggio unreal engine 5 keyshot octane lighting ultra high detail ultra hyper realism 8k 16k in plastic dark tilt shift full-length view,napoleon,0.3034922480583191,False,keyword_only,
"car Ash Thorp khyzyl saleem car on the coronation of napoleon : medium size : in oil liquid : 7, u, x, y, o graffiti big size forms: Kazimir Malevich big size forms :  zaha hadid architecture big size forms: brutalist medium size forms: ultra realistic phtotography, keyshot, unreal engine 5, high reflections oil, liquid high glossy, high specularity, ultra detailed, 4k, 8k, 16k",napoleon,0.4942878484725952,False,keyword_only,
"sci-fi motherboard structure on the coronation of napoleon painting and digital billboard in the middle, unreal engine 5, keyshot, octane, artstation trending, ultra high detail, ultra realistic, cinematic, 8k, 16k, in style of zaha hadid, in style of nanospace Michael Menzelincev, in style of Lee SOUDER, colors in style of the Blade Runner 2049, in plastic, dark, tilt shift,",napoleon,0.35421067476272583,False,keyword_only,
sci-fi organic zaha hadid car 50% of canvas and wall structure in the coronation of napoleon painting by Jacques-Louis David and in the blade runner 2049 film search pinterest keyshot product render ultra high detail ultra realism 4k in plastic dark tilt shift,napoleon,0.36328285932540894,False,keyword_only,
"sci-fi Barcode Scanner on the coronation of napoleon painting and digital hologram in the middle, unreal engine 5, keyshot, octane, artstation trending, ultra high detail, ultra realistic, cinematic, 8k, 16k, in style of zaha hadid, colors in style of nanospace Michael Menzelincev, colors in style of the Blade Runner 2049, in plastic, dark, tilt shift,",napoleon,0.3210485279560089,False,keyword_only,
sci-fi cars trucks motorcycles 50% of canvas in center and wall near structure on the coronation of napoleon and digital billboard photogrammetry point cloud in the middle and everything in style of zaha hadid and suprematism forms painting done by jeremy geddes art unreal engine 5 keyshot octane artstation trending in style of blade runner 2049 2017 ultra high detail ultra photo realistic 8k 16k in plastic dark tilt shift,napoleon,0.375978946685791,False,keyword_only,
"sci-fi 3d car and wall structure car, in the coronation of napoleon painting, and digital billboard in the middle. in style of zaha hadid. octane render pinterest, keyshot product render, water reflections gloss shiny in luquid. 4k, 8k, 16k, tilt shift",napoleon,0.4063480496406555,False,keyword_only,
sci-fi zaha hadid wall structure logotype and car on the coronation of napoleon and digital billboard in the middle in dark atmosphere : artwork by : Ruan Jia : Sheng Lam :,napoleon,0.4502843916416168,False,keyword_only,
"sci-fi speed x y u shape wall structure on the coronation of napoleon painting and digital billboard in the middle, unreal engine 5, keyshot, octane, artstation trending, ultra high detail, ultra realistic, cinematic, 8k, 16k, in style of zaha hadid, in style of photogrammetry point cloud, in plastic,dark, tilt shift,",napoleon,0.34871238470077515,False,keyword_only,
sci-fi cars 30% of canvas in center and wall near structure on the coronation of napoleon painting and digital billboard in the middle and everything in style of zaha hadid and suprematism forms unreal engine 5 keyshot octane artstation trending ultra high detail ultra photo realistic 8k 16k in plastic dark tilt shift,napoleon,0.34186720848083496,False,keyword_only,
"futuristic sci-fi brutalist organic architecture wall structure motherboard cpu on the coronation of napoleon painting, on moon, medium size woman walking. unreal engine 5, keyshot, octane, artstation trending, Zaha Hadid style architecture pinterest, Matrix film pinterest color, high contrast pinterest black plastic, dark atmosphere pinterest, black background pinterest, tilt shift.",napoleon,0.26541826128959656,False,keyword_only,
napoleon riding a squirrel!!! on the beach with hyacinth!!!! by norman rockwell,napoleon,0.4244735836982727,False,keyword_only,
"jack nicholson as napoleon, seventies cinema, vintage, cinematic lighting, ultra realistic, panavision, wide screen, vibrant color",napoleon,0.4558163285255432,False,keyword_only,
"Black and White cat dressed as napoleon in full dress uniform, hyper realistic, photorealistic, extremely detailed fur, octane render, 8k, intricate details, 18th century painting",napoleon,0.49839985370635986,False,keyword_only,
"kanye wst as muammar kadhafi as emperor napoleon in fallout, splash art, movie still, detailed face, cinematic lighting, dramatic, octane render, long lens, shallow depth of field, bokeh, anamorphic lens flare, 8 k, hyper detailed, 3 5 mm film grain",napoleon,0.3446996808052063,False,keyword_only,
"a portrait of fat bugs bunny wearing napoleon clothes, oil painting",napoleon,0.4827176332473755,False,keyword_only,
"gopro footage of napoleon on his horse fighting in waterloo, trending artstation, hyper realistic, very detailed, dramatic scene, realistic lighting, anime, 4 k",napoleonic,0.40918806195259094,False,keyword_only,
sci-fi organic form car and wall structure in the coronation of napoleon painting by Jacques-Louis David in the blade runner 2049 film and point cloud small digital billboard organic architecture forms artwork by caravaggio unreal engine 5 keyshot octane lighting ultra high detail ultra hyper realism 8k 16k in plastic dark tilt shift full-length view,napoleon,0.2730133831501007,False,keyword_only,
"digital sci-fi oily gloss reflection zaha hadid airport motherboard with organic forms in liquid and oil on the coronation of napoleon painting, on moon with medium size man walking with black background and digital billboard in the middle. unreal engine 5, keyshot, octane, artstation trending, by Zaha Hadid architects, by Matrix film color, high contrast pinterest black plastic, dark atmosphere pinterest tilt shift, 4k, 8k, 16k.",napoleon,0.14522525668144226,False,keyword_only,
"sci-fi sport car formula 1 hatchback transport design organic smooth elastic forms on the front background digital billboard with point cloud in the coronation of napoleon painting by Jacques-Louis David, pinterest keyshot product render, cloudy plastic ceramic material shiny gloss water reflections, ultra high detail ultra realism, 4k",napoleonic,0.3476364016532898,False,keyword_only,
sci-fi organic form full-lenght car and wall structure in the coronation of napoleon painting by Jacques-Louis David in the blade runner 2049 film organic architecture forms artwork by caravaggio unreal engine 5 keyshot octane lighting ultra high detail ultra hyper realism 8k 16k in plastic dark tilt shift full-length view,napoleonic,0.2883024215698242,False,keyword_only,
"sci-fi motherboard airport structure on the coronation of napoleon painting and digital billboard in the middle, unreal engine 5, keyshot, octane, artstation trending, ultra high detail, ultra realistic, cinematic, 8k, 16k, in style of zaha hadid, in style of nanospace Michael Menzelincev, in style of Lee SOUDER, colors in style of the Blade Runner 2049, in plastic, dark, tilt shift,",napoleon,0.3251575231552124,False,keyword_only,
"futuristic wall structure on the coronation of napoleon painting on the nanospace Michael Menzelincev artstation painting on moon, unreal engine 5, keyshot, octane, artstation trending, ultra high detail, ultra realistic, cinematic pinterest style, 8k, 16k, zaha hadid style architecture pinterest, matrix film pinterest color , high contrast pinterest plastic, dark atmosphere pinterest, on black background pinterest, volumetric lighting pinterest, tilt shift,",napoleon,0.3306138515472412,False,keyword_only,
"digital sci-fi oily gloss reflection warehouses with organic brutalism forms in liquid and oil on the coronation of napoleon painting, on moon with medium size man walking with black background. unreal engine 5, keyshot, octane, artstation trending, by Zaha Hadid architects, by Matrix film color, high contrast pinterest black plastic, dark atmosphere pinterest tilt shift, 4k, 8k, 16k.",napoleonic,0.20309150218963623,False,keyword_only,
"futuristic sci-fi architecture wall structure motherboard on the coronation of napoleon painting, on moon, small character. unreal engine 5, keyshot, octane, artstation trending, 8k, 16k, Zaha Hadid style architecture pinterest, Matrix film pinterest color , high contrast pinterest black plastic, dark atmosphere pinterest, black background pinterest, tilt shift.",napoleon,0.3684365153312683,False,keyword_only,
"sci-fi wall structure shape on the coronation of napoleon painting and digital billboard in the middle, unreal engine 5, keyshot, octane, artstation trending, ultra high detail, ultra realistic, cinematic, 8k, 16k, in style of zaha hadid, in style of nanospace Michael Menzelincev, in style of Lee SOUDER, colors in style of the Blade Runner 2049, in plastic, dark, tilt shift,",napoleon,0.3746751844882965,False,keyword_only,
"sci-fi motherboard brutalism organic structure on the coronation of napoleon painting and digital billboard in the middle, unreal engine 5, keyshot, octane, artstation trending, ultra high detail, ultra realistic, cinematic, 8k, 16k, in style of zaha hadid, in style of nanospace Michael Menzelincev, in style of Lee SOUDER, colors in style of the Blade Runner 2049, in plastic, dark, tilt shift,",napoleon,0.30245041847229004,False,keyword_only,
"sci-fi 3d organic organic brutalist car and wall structure car, in the coronation of napoleon painting, and digital billboard in the middle. octane render pinterest, keyshot product render, water reflections gloss shiny in luquid",napoleon,0.36694958806037903,False,keyword_only,
"closeup portrait of tin toy napoleon cat holding cheese, depth of field, zeiss lens, detailed, symmetrical, centered, fashion photoshoot, by nicoletta ceccoli, mark ryden, lostfish, earl nore, hyung tae, frank frazetta, breathtaking, 8 k resolution, extremely detailed, beautiful, establishing shot, artistic, hyperrealistic, octane render",napoleon,0.359899640083313,False,keyword_only,
"car Ash Thorp khyzyl saleem car : medium size: in the coronation of napoleon painting : in oil liquid : 7, u, x, y, o graffiti big size forms: Kazimir Malevich big size forms :  zaha hadid architecture big size forms: brutalist medium size forms: ultra realistic phtotography, keyshot, unreal engine 5, high reflections oil, liquid high glossy, high specularity, ultra detailed, 4k, 8k, 16k",napoleon,0.32638534903526306,False,keyword_only,
"Live Action Still of Jerma in Napoleon Dynamite, real life, hyperrealistic, ultra realistic, realistic, highly detailed, epic, HD quality, 8k resolution, body and headshot, film still",napoleon,0.2848207950592041,False,keyword_only,
"sci-fi wall panel tile on the coronation of napoleon painting and photogrammetry point cloud digital billboard in the middle, unreal engine 5, keyshot, octane, artstation trending, ultra high detail, ultra realistic, cinematic, 8k, 16k, in style of zaha hadid, colors in style of nanospace Michael Menzelincev, colors in style of the Blade Runner 2049, in plastic, dark, tilt shift,",napoleon,0.4061613082885742,False,keyword_only,
car big pattern noise letters and numbers pattern shapes sci-fi organic brutalist forms zaha hadid khyzyl saleem formula 1 car and wall structure noise in the coronation of napoleon painting by Jacques-Louis David and in the blade runner 2049 film search pinterest keyshot product render cloudy plastic ceramic material shiny gloss water reflections ultra high detail ultra realism 4k in plastic dark tilt shift,napoleonic,0.24152697622776031,False,keyword_only,
"sci-fi motherboard structure on the coronation of napoleon painting and digital billboard in the middle, unreal engine 5, keyshot, octane, artstation trending, ultra high detail, ultra realistic, cinematic, 8k, 16k, in style of zaha hadid, in style of nanospace Michael Menzelincev artstation, in style of Lee SOUDER artstation, colors in style of Blade Runner 2049, in plastic, dark, tilt shift,",napoleon,0.3371201753616333,False,keyword_only,
sci-fi organic car zaha hadid 30% of canvas and wall structure in the coronation of napoleon painting by Jacques-Louis David and in the pinterest blade runner 2049 film search pinterest keyshot product render ultra high detail ultra realism 4k in plastic dark tilt shift,napoleon,0.3614674210548401,False,keyword_only,
"sci-fi airport view from above oily gloss reflection with organic forms in liquid and oil on the coronation of napoleon painting, on moon with medium size man walking with black background and digital billboard in the middle. unreal engine 5, keyshot, octane, artstation trending, by Zaha Hadid architects, high contrast pinterest black plastic, dark atmosphere pinterest tilt shift, 4k, 8k, 16k.",napoleon,0.27518099546432495,False,keyword_only,
sci-fi wall structure logotype and car on the coronation of napoleon and digital billboard in the middle in dark atmosphere by Ruan Jia Sheng Lam,napoleon,0.4046376347541809,False,keyword_only,
"sci-fi motherboard structure on the coronation of napoleon painting and digital billboard in the middle, unreal engine 5, keyshot, octane, artstation trending, ultra high detail, ultra realistic, cinematic, 8k, 16k, in style of zaha hadid, in style of nanospace Michael Menzelincev, in style of Lee SOUDER, colors in style of the Blade Runner 2049, in plastic, dark, tilt shift,",napoleon,0.35421067476272583,False,keyword_only,
"khyzyl saleem car : medium size: in the coronation of napoleon ceremony: in liquid : 7, u, x, y, o graffiti big size forms: Kazimir Malevich big size forms : zaha hadid architecture big size forms: brutalist medium size forms: sci-fi futuristic setting: Ash Thorp car: ultra realistic phtotography, keyshot, unreal engine 5, high reflections oil, liquid high glossy, high specularity, ultra detailed, 4k, 8k, 16k",napoleon,0.28552284836769104,False,keyword_only,
"Napoleon riding a horse wearing his general dress and wearing an astronaut helmet, Edward Hopper and James Gilleard, Zdzislaw Beksinski, Mark Ryden, Wolfgang Lettl highly detailed, hints of Yayoi Kasuma",napoleon,0.4738793969154358,False,keyword_only,
sci-fi car dynamic organic forms and wall structure in the coronation of napoleon painting by Jacques-Louis David ceramic metal material shiny gloss water reflections search pinterest keyshot product render 4k,napoleonic,0.4313431978225708,False,keyword_only,
sci-fi organic form full-lenght car and wall structure in the coronation of napoleon painting by Jacques-Louis David in the blade runner 2049 film organic architecture forms unreal engine 5 lumen lighting ultra high detail ultra realism 4k in plastic dark tilt shift full-length view,napoleon,0.2679244577884674,False,keyword_only,
"kanye west as emperor napoleon in doom eternal, splash art, movie still, cinematic lighting, dramatic, octane render, long lens, shallow depth of field, bokeh, anamorphic lens flare, 8 k, hyper detailed, 3 5 mm film grain",napoleon,0.4206003248691559,False,keyword_only,
"sci-fi motherboard structure on the coronation of napoleon painting and digital billboard in the middle, unreal engine 5, keyshot, octane, artstation trending, ultra high detail, ultra realistic, cinematic, 8k, 16k, in style of zaha hadid, in style of nanospace Michael Menzelincev, in style of Lee SOUDER, colors in style of the Blade Runner 2049, in plastic, dark, tilt shift,",napoleon,0.35421067476272583,False,keyword_only,
"sci-fi wall structure on the coronation of napoleon painting on the nanospace Michael Menzelincev artstation painting on moon, unreal engine 5, keyshot, octane, artstation trending, ultra high detail, ultra realistic, cinematic pinterest style, 8k, 16k, zaha hadid style architecture, matrix film color , high contrast pinterest plastic, dark atmosphere pinteres, on black background pinterest, volumetric lighting pinterest, tilt shift,",napoleon,0.33283865451812744,False,keyword_only,
"Napoleon Crossing the Alps with a motorcycle, atmospheric lighting, neon lights, by Makoto Shinkai and Ruan Jia",napoleon,0.38093066215515137,False,keyword_only,
"futuristic sci-fi architecture wall structure motherboard cpu on the coronation of napoleon painting, on moon, small character. unreal engine 5, keyshot, octane, artstation trending, 8k, 16k, Zaha Hadid style architecture pinterest, Matrix film pinterest color , high contrast pinterest black plastic, dark atmosphere pinterest, black background pinterest, tilt shift.",napoleon,0.34919261932373047,False,keyword_only,
"digital sci-fi oily gloss reflection airport with organic brutalism forms in liquid and oil on the coronation of napoleon painting, on moon with medium size man walking with black background. unreal engine 5, keyshot, octane, artstation trending, by Zaha Hadid architects, by Matrix film color, high contrast pinterest black plastic, dark atmosphere pinterest tilt shift, 4k, 8k, 16k.",napoleon,0.21173156797885895,False,keyword_only,
sci-fi wall structure logotype and car on the coronation of napoleon and digital billboard in the middle unreal engine 5 keyshot octane artstation trending ultra high detail ultra realistic cinematic 8k 16k in style of zaha hadid Maciej Kuciara Piotr Jabłoński Ruan Jia Sheng Lam Paul Chadeisson Khyzyl Saleem in plastic dark tilt shift,napoleon,0.3714469373226166,False,keyword_only,
sci-fi cars trucks motorcycles 50% of canvas in center and wall near structure on the coronation of napoleon and digital billboard photogrammetry point cloud in the middle and everything in style of zaha hadid and suprematism forms unreal engine 5 keyshot octane artstation trending blade runner 2049 colors lighting ultra high detail ultra photo realistic 8k 16k in plastic dark tilt shift,napoleon,0.319466233253479,False,keyword_only,
"car truck race sci-fi wall structure on the coronation of napoleon painting and digital billboard in the middle, unreal engine 5, keyshot, octane, artstation trending, ultra high detail, ultra realistic, cinematic, 8k, 16k, in style of zaha hadid, in plastic, dark, tilt shift,",napoleon,0.3070673942565918,False,keyword_only,
"sci-ficars : wallnearstructureon : thecoronationofnapoleonpainting : in style of zahahadid, suprematism medium size composition, unrealengine5lumen, keyshot, octane, artstationtrending, ultrahighdetail, ultrarealistic, bladerunner2049, 8k, 16k, in plastic, dark, tilt shift,",napoleonic,0.17101743817329407,False,keyword_only,
sci-fi organic form car and wall structure in the coronation of napoleon painting by Jacques-Louis David in the blade runner 2049 film organic architecture forms artwork by caravaggio unreal engine 5 keyshot octane lighting ultra high detail ultra hyper realism 8k 16k in plastic dark tilt shift full-length view,napoleon,0.2841876149177551,False,keyword_only,
"kanye west as emperor napoleon in mortal kombat, splash art, movie still, cinematic lighting, dramatic, octane render, long lens, shallow depth of field, bokeh, anamorphic lens flare, 8 k, hyper detailed, 3 5 mm film grain",napoleon,0.4338361620903015,False,keyword_only,
"futuristic sci-fi architecture wall structure motherboard cpu on the coronation of napoleon painting, on moon, medium size man human walking. unreal engine 5, keyshot, octane, artstation trending, Zaha Hadid style architecture pinterest, Matrix film pinterest color , high contrast pinterest black plastic, dark atmosphere pinterest, black background pinterest, tilt shift.",napoleon,0.29555544257164,False,keyword_only,
"sci fi car f1 hatchback transport design organic smooth elastic forms 30% of canvas; wall structure on the coronation of napoleon painting 20% of canvas; by Jacques-Louis David, pinterest keyshot product render, cloudy plastic ceramic material shiny gloss water reflections, ultra high detail ultra realism, 4k",napoleon,0.36114564538002014,False,keyword_only,
"sci-fi organic brutalism speed dynamic o x u wall panel on the coronation of napoleon painting and digital billboard in the middle, unreal engine 5, keyshot, octane, artstation trending, ultra high detail, ultra realistic, cinematic, 8k, 16k, in style of zaha hadid, in style of nanospace artstation, in plastic,dark, tilt shift,",napoleon,0.3035532534122467,False,keyword_only,
"sci-fi wall structure on the coronation of napoleon painting and digital billboard in the middle, unreal engine 5, keyshot, octane, artstation trending, ultra high detail, ultra realistic, cinematic, 8k, 16k, in style of zaha hadid, in style of nanospace Michael Menzelincev, in style of Lee SOUDER, in style of photogrammetry cloud in style of Dima Goryainov artstation, in plastic, dark, tilt shift,",napoleon,0.3791639804840088,False,keyword_only,
"futuristic sci-fi architecture wall structure motherboard cpu on the coronation of napoleon painting, on moon, medium size man walking. unreal engine 5, keyshot, octane, artstation trending, 8k, 16k, Zaha Hadid style architecture pinterest, Matrix film pinterest color , high contrast pinterest black plastic, dark atmosphere pinterest, black background pinterest, tilt shift.",napoleon,0.3116454482078552,False,keyword_only,
"1990s Hi-8 footage of Napoleon conducting at the Sydney Opera House, candid wide photograph, 18mm",napoleon,0.49178174138069153,False,keyword_only,
"sci-fi cars : wall near structure on : the coronation of napoleon painting : and digital billboard in the middle, in style of zaha hadid, suprematism composition, unreal engine 5, keyshot, octane, artstation trending, ultra high detail, ultra realistic, cinematic, 8k, 16k, in plastic, dark, tilt shift,",napoleon,0.3411023020744324,False,keyword_only,
sci-fi cars trucks motorcycles 50% of canvas in center and wall near structure on the coronation of napoleon painting and digital billboard in the middle and everything in style of zaha hadid and suprematism forms unreal engine 5 keyshot octane artstation trending blade runner 2049 colors lighting ultra high detail ultra photo realistic 8k 16k in plastic dark tilt shift,napoleon,0.3139246106147766,False,keyword_only,
"4 images of dream futuristic architecture wall structure motherboard on the coronation of napoleon painting on moon. unreal engine 5, keyshot, octane, artstation trending, 8k, 16k, zaha hadid style architecture pinterest, matrix film pinterest color , high contrast pinterest plastic, dark atmosphere pinterest, black background, tilt shift.",napoleon,0.30367016792297363,False,keyword_only,
"Portrait of Napoleon in India, realistic, photo studio, HDR, 8k, trending on artstation",napoleon,0.4775889217853546,False,keyword_only,
"sci-fi cars wall structure on the coronation of napoleon painting and digital billboard in the middle, unreal engine 5, keyshot, octane, artstation trending, ultra high detail, ultra realistic, cinematic, 8k, 16k, in style of zaha hadid, in plastic, dark, tilt shift,",napoleon,0.3370751738548279,False,keyword_only,
"sci-fi Barcode Scanner on the coronation of napoleon painting and digital hologram in the middle, unreal engine 5, keyshot, octane, artstation trending, ultra high detail, ultra realistic, cinematic, 8k, 16k, in style of zaha hadid, colors in style of nanospace Michael Menzelincev, colors in style of the Blade Runner 2049, in plastic, dark, tilt shift,",napoleon,0.3210485279560089,False,keyword_only,
"sci-fi cars : wall near structure on : the coronation of napoleon painting : and digital billboard in the middle, in style of zaha hadid, suprematism composition, unreal engine 5, keyshot, octane, artstation trending, ultra high detail, ultra realistic, cinematic, 8k, 16k, in plastic, dark, tilt shift,",napoleon,0.3411021828651428,False,keyword_only,
"sci-ficars : wallnearstructureon : thecoronationofnapoleonpainting : in style of zahahadid, suprematism medium size composition, unrealengine5lumen, keyshot, octane, artstationtrending, ultrahighdetail, ultrarealistic, bladerunner2049, 8k, 16k, in plastic, dark, tilt shift,",napoleonic,0.17101743817329407,False,keyword_only,
"sci-fi wall structure on the coronation of napoleon painting and digital billboard in the middle, unreal engine 5, keyshot, octane, artstation trending, ultra high detail, ultra realistic, cinematic, 8k, 16k, in style of zaha hadid, in style of nanospace Michael Menzelincev, in style of Lee SOUDER, in style of photogrammetry cloud in style of Dima Goryainov artstation, in plastic, dark, tilt shift,",napoleon,0.3791639804840088,False,keyword_only,
"rutalist sci-fi motherboard airport view from above structure on the coronation of napoleon painting and digital billboard point cloud in the middle, unreal engine 5, keyshot, octane, artstation trending, ultra high detail, ultra realistic, cinematic, 8k, 16k, in style of zaha hadid, in style of nanospace, in plastic, dark, tilt shift,",napoleon,0.3122784197330475,False,keyword_only,
"futuristic sci-fi organic airport architecture motherboard cpu on the coronation of napoleon painting, on moon with medium size woman walking with black background. unreal engine 5, keyshot, octane, artstation trending, Zaha Hadid style architecture pinterest, Matrix film pinterest color, high contrast pinterest black plastic, dark atmosphere pinterest tilt shift.",napoleon,0.2882336378097534,False,keyword_only,
sci-fi organic car zaha hadid 30% of canvas and wall structure in the coronation of napoleon painting by Jacques-Louis David and in the pinterest blade runner 2049 film search pinterest keyshot product render ultra high detail ultra realism 4k in plastic dark tilt shift,napoleon,0.3614674210548401,False,keyword_only,
"sci-fi sport car f1 hatchback transport design organic smooth elastic forms 20% of canvas on the front; background wall structure on the coronation of napoleon painting 20% of canvas; by Jacques-Louis David, pinterest keyshot product render, cloudy plastic ceramic material shiny gloss water reflections, ultra high detail ultra realism, 4k",napoleonic,0.318228542804718,False,keyword_only,
"sci-fi airport on moon with medium size man walking and digital billboard in the middle oily gloss reflection with organic forms in liquid and oil on the coronation of napoleon painting, with black background. unreal engine 5, keyshot, octane, artstation trending, by Zaha Hadid architects, by Matrix film color, high contrast pinterest black plastic, dark atmosphere pinterest tilt shift, 4k, 8k, 16k.",napoleon,0.30122020840644836,False,keyword_only,
"An exquisite modern painting of a chimpanzee dressed like a bearded Napoleon with correct military uniform, no frames",napoleon,0.4741235673427582,False,keyword_only,
"sci-fi organic brutalism speed dynamic o x u shape wall structure on the coronation of napoleon painting and digital billboard in the middle, unreal engine 5, keyshot, octane, artstation trending, ultra high detail, ultra realistic, cinematic, 8k, 16k, in style of zaha hadid, in style of photogrammetry point cloud, in plastic,dark, tilt shift,",napoleon,0.2948925495147705,False,keyword_only,
"sci-fi brutalist bauhaus motherboard wall panel structure on the coronation of napoleon painting and point cloud hologram in the middle, unreal engine 5, keyshot, octane, artstation trending, ultra high detail, ultra realistic, cinematic, 8k, 16k, in style of zaha hadid, in style of nanospace Michael Menzelincev, in style of Lee SOUDER, colors in style of the Blade Runner 2049, in plastic, dark, tilt shift,",napoleon,0.38083940744400024,False,keyword_only,
"sci-fi motherboard structure on the coronation of napoleon painting and digital billboard in the middle, unreal engine 5, keyshot, octane, artstation trending, ultra high detail, ultra realistic, cinematic, 8k, 16k, in style of zaha hadid, in style of nanospace Michael Menzelincev artstation, in style of Lee SOUDER artstation, colors in style of Blade Runner 2049, in plastic, dark, tilt shift,",napoleon,0.3371201753616333,False,keyword_only,
"20% of canvas sci-fi sport car formula 1 hatchback transport design organic smooth elastic forms on the front and big sci-fi wall structure with point cloud in the coronation of napoleon painting 40% of canvas by Jacques-Louis David unreal engine 5 lumen pinterest keyshot product render octane, dark black cloudy plastic ceramic material shiny gloss water reflections specularity, contrast blade runner 2049 film lighting ultra high detail ultra realism, 4k",napoleon,0.3288484513759613,False,keyword_only,
"Kanye West as Emperor Napoleon in Gears of War, splash art, movie still, cinematic lighting, dramatic, octane render, long lens, shallow depth of field, bokeh, anamorphic lens flare, 8k, hyper detailed, 35mm film grain",napoleon,0.3595317602157593,False,keyword_only,
sci-fi organic zaha hadid car 50% of canvas and wall structure in the coronation of napoleon painting by Jacques-Louis David and in the blade runner 2049 film search pinterest keyshot product render ultra high detail ultra realism 4k in plastic dark tilt shift,napoleon,0.36328285932540894,False,keyword_only,
"sci-ficars : wallnearstructureon : thecoronationofnapoleonpainting : and digitalbillboard in the middle, in style of zahahadid, suprematism composition, unrealengine5lumen, keyshot, octane, artstationtrending, ultrahighdetail, ultrarealistic, bladerunner2049, 8k, 16k, in plastic, dark, tilt shift,",napoleonic,0.15792310237884521,False,keyword_only,
"sci-fi motherboard structure on the coronation of napoleon painting and digital billboard in the middle, unreal engine 5, keyshot, octane, artstation trending, ultra high detail, ultra realistic, cinematic, 8k, 16k, in style of zaha hadid, in style of nanospace Michael Menzelincev, in style of Lee SOUDER, colors in style of the Blade Runner 2049, in plastic, dark, tilt shift,",napoleon,0.35421067476272583,False,keyword_only,
"digital sci-fi oily gloss reflection airport motherboard wall panel structure with organic forms in liquid and oil on the coronation of napoleon painting, on moon with medium size man walking with black background and digital billboard in the middle. unreal engine 5, keyshot, octane, artstation trending, by Zaha Hadid architects, by Matrix film color, high contrast pinterest black plastic, dark atmosphere pinterest tilt shift, 4k, 8k, 16k.",napoleon,0.2047424465417862,False,keyword_only,
"sci-fi brutalist airport view from above structure on the coronation of napoleon painting and digital billboard point cloud in the middle, unreal engine 5, keyshot, octane, artstation trending, ultra high detail, ultra realistic, cinematic, 8k, 16k, in style of zaha hadid, in style of nanospace, colors in style of the Blade Runner 2049, in plastic, dark, tilt shift,",napoleon,0.3113117218017578,False,keyword_only,
full lenght sci-fi cars in the coronation of napoleon painting and point cloud in the middle and everything in form of zaha hadid architects artwork by caravaggio unreal engine 5 keyshot octane lighting ultra high detail ultra hyper realism 8k 16k in plastic dark tilt shift full-length view,napoleon,0.3659552335739136,False,keyword_only,
"Napoleon Bonaparte crossing the alps on an electric scooter, realistic octane render, intricate details, intricate textures, intricately detailed clothing, smoke and mist, photorealistic, harsh lighting, volumetric shading, depth of field, 8k",napoleon,0.44237685203552246,False,keyword_only,
"sci-fi sport car f1 hatchback transport design organic smooth elastic forms 20% of canvas on the front; background wall structure in the coronation of napoleon painting 40% of canvas; by Jacques-Louis David, pinterest keyshot product render, cloudy plastic ceramic material shiny gloss water reflections, ultra high detail ultra realism, 4k",napoleonic,0.31703945994377136,False,keyword_only,
"head and shoulders portrait painting of young man who looks like zayn malik as an elf by jeremy mann, wearing leather napoleonic military style jacket, only one head single portrait, pointy ears",napoleon,0.3395231068134308,False,keyword_only,
"sci-fi sport car formula 1 hatchback transport design organic smooth elastic forms on the front background wall structure digital billboard with point cloud in the coronation of napoleon painting by Jacques-Louis David unreal engine 5 lumen pinterest keyshot product render octane, dark black cloudy plastic ceramic material shiny gloss water reflections specularity, contrast lighting ultra high detail ultra realism, 4k",napoleonic,0.39256221055984497,False,keyword_only,
"sci-fi Barcode Scanner on the coronation of napoleon painting and digital hologram in the middle, unreal engine 5, keyshot, octane, artstation trending, ultra high detail, ultra realistic, cinematic, 8k, 16k, in style of zaha hadid, colors in style of nanospace Michael Menzelincev, colors in style of the Blade Runner 2049, in plastic, dark, tilt shift,",napoleon,0.3210485279560089,False,keyword_only,
"sci-fi cars on the coronation of napoleon painting and digital billboard in the middle, unreal engine 5, keyshot, octane, artstation trending, ultra high detail, ultra realistic, cinematic, 8k, 16k, in style of zaha hadid, in plastic, dark, tilt shift,",napoleon,0.32645782828330994,False,keyword_only,
sci-fi car and wall structure in the coronation of napoleon painting by Jacques-Louis David in the blade runner 2049 film and point cloud in the middle and everything in form of zaha hadid architects artwork by caravaggio unreal engine 5 keyshot octane lighting ultra high detail ultra hyper realism 8k 16k in plastic dark tilt shift full-length view,napoleon,0.30060338973999023,False,keyword_only,
"sci-fi wall panel structure on the coronation of napoleon painting and photogrammetry point cloud digital billboard in the middle, unreal engine 5, keyshot, octane, artstation trending, ultra high detail, ultra realistic, cinematic, 8k, 16k, in style of zaha hadid, colors in style of nanospace Michael Menzelincev, colors in style of the Blade Runner 2049, in plastic, dark, tilt shift,",napoleon,0.4295269250869751,False,keyword_only,
"sci-fi motherboard structure on the coronation of napoleon painting and digital billboard in the middle, unreal engine 5, keyshot, octane, artstation trending, ultra high detail, ultra realistic, cinematic, 8k, 16k, in style of zaha hadid, in style of nanospace Michael Menzelincev, in style of Lee SOUDER, colors in style of the Blade Runner 2049, in plastic, dark, tilt shift,",napoleon,0.35421067476272583,False,keyword_only,
car big pattern noise letters and numbers pattern shapes sci-fi organic brutalist forms zaha hadid khyzyl saleem formula 1 car and wall structure noise in the coronation of napoleon painting by Jacques-Louis David and in the blade runner 2049 film search pinterest keyshot product render cloudy plastic ceramic material shiny gloss water reflections ultra high detail ultra realism 4k in plastic dark tilt shift,napoleonic,0.24152697622776031,False,keyword_only,
"Napoleon Bonaparte crossing the alps on an electric scooter, intricate details, intricately detailed clothing, smoke and mist, depth of field, oil on canvas by Jacques-Louis David, 8k",napoleon,0.4910098910331726,False,keyword_only,
portrait of gollum as napoleon by becky cloonan,napoleon,0.3800848126411438,False,keyword_only,
"portrait of zayn malik as an elf by henriette ronner - knip, only one head single portrait, pointy ears, wearing a black leather napoleonic military jacket",napoleon,0.33232590556144714,False,keyword_only,
"sci-fi cars race : near wall structure on : the coronation of napoleon painting : and digital billboard in the middle, in style of zaha hadid, suprematism composition, unreal engine 5, keyshot, octane, artstation trending, in lighting of blade runner 2049, ultra high detail, ultra photo realistic, 8k, 16k, in plastic, dark, tilt shift,",napoleon,0.3444962501525879,False,keyword_only,
"car truck race sci-fi wall structure on the coronation of napoleon painting and digital billboard in the middle, unreal engine 5, keyshot, octane, artstation trending, ultra high detail, ultra realistic, cinematic, 8k, 16k, in style of zaha hadid : in plastic : dark dramatic sunset lighting : tilt shift camera",napoleon,0.3511131703853607,False,keyword_only,
sci-fi wall structure logotype and car on the coronation of napoleon and digital billboard in the middle in dark atmosphere by Ruan Jia Sheng Lam,napoleon,0.4046376347541809,False,keyword_only,
"car Ash Thorp khyzyl saleem car on the coronation of napoleon : medium size : in oil liquid, organic architecture small size forms structure : 7, u, x, y, o medium size forms: Kazimir Malevich forms : zaha hadid architecture forms: brutalist medium size forms: keyshot, unreal engine 5, high reflections oil, liquid high glossy, high specularity, ultra detailed, 4k, 8k, 16k",napoleonic,0.48488861322402954,False,keyword_only,
sci fi car zaha hadid 20% of canvas and wall structure in the coronation of napoleon painting by Jacques-Louis David search pinterest keyshot product render ultra high detail ultra realism 4k in plastic dark tilt shift,napoleon,0.46236586570739746,False,keyword_only,
"5 images of dream futuristic architecture wall structure motherboard on the coronation of napoleon painting, on moon, small character. unreal engine 5, keyshot, octane, artstation trending, 8k, 16k, Zaha Hadid style architecture pinterest, Matrix film pinterest color , high contrast pinterest black plastic, dark atmosphere pinterest, black background pinterest, tilt shift.",napoleon,0.3078908622264862,False,keyword_only,
sci-fi cars full lenght baroque on the coronation of napoleon and point cloud in the middle and everything in style of zaha hadid architects and cyberpunk 2077 forms artwork by caravaggio unreal engine 5 keyshot octane artstation trending blade runner 2049 colors lighting ultra high detail ultra hyper realism 8k 16k in plastic dark tilt shift full-length view,napoleon,0.33734074234962463,False,keyword_only,
"sci-fi wall structure on the coronation of napoleon painting and photogrammetry point cloud digital billboard in the middle, unreal engine 5, keyshot, octane, artstation trending, ultra high detail, ultra realistic, cinematic, 8k, 16k, in style of zaha hadid, in style of nanospace Michael Menzelincev, in style of the Blade Runner 2049, in plastic, dark, tilt shift,",napoleon,0.4392206072807312,False,keyword_only,
"sci-fi motherboard structure on the coronation of napoleon painting and digital billboard in the middle, unreal engine 5, keyshot, octane, artstation trending, ultra high detail, ultra realistic, cinematic, 8k, 16k, in style of zaha hadid, in style of nanospace Michael Menzelincev, in style of Lee SOUDER, colors in style of the Blade Runner 2049, in plastic, dark, tilt shift,",napoleon,0.35421067476272583,False,keyword_only,
a cat dressed as Napoleon holding cheese by Thomas Kinkade,napoleon,0.4931451678276062,False,keyword_only,
"sci-fi cars : wall near structure on : the coronation of napoleon painting : and digital billboard in the middle, unreal engine 5, keyshot, octane, artstation trending, ultra high detail, ultra realistic, cinematic, 8k, 16k, in style of zaha hadid, in plastic, dark, tilt shift,",napoleon,0.33159783482551575,False,keyword_only,
"kanye wst as muammar kadhafi as emperor napoleon in fallout, splash art, movie still, detailed face, cinematic lighting, dramatic, octane render, long lens, shallow depth of field, bokeh, anamorphic lens flare, 8 k, hyper detailed, 3 5 mm film grain",napoleon,0.3446996808052063,False,keyword_only,
"sci-fi cars : wall near structure on : the coronation of napoleon : and digital billboard in the middle, in style of zaha hadid, suprematism composition, unreal engine 5, keyshot, octane, artstation trending, in colors of blade runner 2049, ultra high detail, ultra photo realistic, 8k, 16k, in plastic, dark, tilt shift,",napoleon,0.32609736919403076,False,keyword_only,
"photo portrait of the lovechild of napoleon dynamite and paul blart from new york, realistic, hyperrealistic, 8 k resolution, hd quality, very detailed, highly detailed, intricate details, real life, real world, trending on artstation, digital art, really realistic, very realistic, headshot, head in frame, stock image",napoleon,0.46332406997680664,False,keyword_only,
sci - fi organic sport car exterior 3 d realistic render in the coronation of napoleon painting sci - fi wall zaha hadid structure,napoleon,0.30146729946136475,False,keyword_only,
"futuristic wall structure on the coronation of napoleon painting on the nanospace Michael Menzelincev artstation painting on moon, unreal engine 5, keyshot, octane, artstation trending, ultra high detail, ultra realistic, cinematic pinterest style, 8k, 16k, zaha hadid style architecture pinterest, matrix film pinterest color , high contrast pinterest plastic, dark atmosphere pinterest, on black background pinterest, volumetric lighting pinterest, tilt shift,",napoleon,0.3306138515472412,False,keyword_only,
"futuristic wall structure futuristic wall structure on the coronation of napoleon painting on the nanospace Michael Menzelincev artstation painting on moon, unreal engine 5, keyshot, octane, artstation trending, ultra high detail, ultra realistic, cinematic pinterest style, 8k, 16k, zaha hadid style architecture pinterest, matrix film pinterest color , high contrast pinterest plastic, dark atmosphere pinterest, black background, black background, volumetric lighting pinterest, tilt shift,",napoleon,0.3225950598716736,False,keyword_only,
sci-fi organic zaha hadid full-lenght car and wall structure in the coronation of napoleon painting by Jacques-Louis David and in the blade runner 2049 film search pinterest keyshot product render 4k in dark plastic,napoleon,0.32539284229278564,False,keyword_only,
"sci-fi motherboard structure on the coronation of napoleon painting and digital billboard in the middle, unreal engine 5, keyshot, octane, artstation trending, ultra high detail, ultra realistic, cinematic, 8k, 16k, in style of zaha hadid, in style of nanospace Michael Menzelincev, in style of Lee SOUDER, colors in style of the Blade Runner 2049, in plastic, dark, tilt shift,",napoleon,0.35421067476272583,False,keyword_only,
"rutalist sci-fi motherboard airport view from above structure on the coronation of napoleon painting and digital billboard point cloud in the middle, unreal engine 5, keyshot, octane, artstation trending, ultra high detail, ultra realistic, cinematic, 8k, 16k, in style of zaha hadid, in style of nanospace, in plastic, dark, tilt shift,",napoleon,0.3122784197330475,False,keyword_only,
"sci-fi organic brutalism speed dynamic o x u knight helmet on the coronation of napoleon painting and digital screen billboard in the middle, unreal engine 5, keyshot, octane, artstation trending, ultra high detail, ultra realistic, cinematic, 8k, 16k, in style of zaha hadid, in style of nanospace artstation, in plastic,dark, tilt shift,",napoleonic,0.307661235332489,False,keyword_only,
"sci-fi organic brutalism speed dynamic o x u shape wall structure on the coronation of napoleon painting and digital screen billboard in the middle, unreal engine 5, keyshot, octane, artstation trending, ultra high detail, ultra realistic, cinematic, 8k, 16k, in style of zaha hadid, in style of photogrammetry point cloud, in style of nanospace artstation, in plastic,dark, tilt shift,",napoleon,0.24998034536838531,False,keyword_only,
"car Ash Thorp khyzyl saleem car on the coronation of napoleon : medium size : in oil liquid : 7, u, x, y, o graffiti medium size forms: Kazimir Malevich forms :  zaha hadid architecture medium size forms: brutalist medium size forms: ultra realistic phtotography, keyshot, unreal engine 5, high reflections oil, liquid high glossy, high specularity, ultra detailed, 4k, 8k, 16k",napoleon,0.4867895841598511,False,keyword_only,
"sci-fi speed dynamic y o x u shape wall structure on the coronation of napoleon painting and digital billboard in the middle, unreal engine 5, keyshot, octane, artstation trending, ultra high detail, ultra realistic, cinematic, 8k, 16k, in style of zaha hadid, in style of photogrammetry point cloud, in plastic,dark, tilt shift,",napoleon,0.30958008766174316,False,keyword_only,
sci-fi cars trucks motorcycles full lenght baroque on the coronation of napoleon and digital billboard photogrammetry point cloud in the middle and everything in style of zaha hadid and suprematism and cyberpunk 2077 forms artwork by caravaggio unreal engine 5 keyshot octane artstation trending blade runner 2049 colors lighting ultra high detail ultra hyper realism 8k 16k in plastic dark tilt shift full-length view,napoleon,0.3452126085758209,False,keyword_only,
"Tommy Pickles as emperor napoleon, League of Legends amazing splashscreen artwork, splash art, hd wallpaper, artstation",napoleon,0.4792744219303131,False,keyword_only,
"futuristic sci-fi organic airport architecture motherboard cpu on the coronation of napoleon painting, on moon with medium size woman walking with black background. unreal engine 5, keyshot, octane, artstation trending, Zaha Hadid style architecture pinterest, Matrix film pinterest color, high contrast pinterest black plastic, dark atmosphere pinterest tilt shift.",napoleon,0.2882336974143982,False,keyword_only,
"film still of jack nicholson as napoleon in stanley kubrick's movie of napoleon, seventies cinema, vintage, by stanley kubrick, cinematic lighting, cinematic composition, ultra realistic, panavision, wide screen",napoleon,0.4906982481479645,False,keyword_only,
"sci-fi cars race : near wall structure on : the coronation of napoleon painting : and digital billboard in the middle, in style of zaha hadid, suprematism composition, unreal engine 5, keyshot, octane, artstation trending, in lighting of blade runner 2049, ultra high detail, ultra photo realistic, 8k, 16k, in plastic, dark, tilt shift,",napoleon,0.3444962501525879,False,keyword_only,
"sci-fi motherboard structure airport view from above on the coronation of napoleon painting and digital billboard in the middle, unreal engine 5, keyshot, octane, artstation trending, ultra high detail, ultra realistic, cinematic, 8k, 16k, in style of zaha hadid, in style of nanospace Michael Menzelincev, in style of Lee SOUDER, colors in style of the Blade Runner 2049, in plastic, dark, tilt shift,",napoleon,0.22791317105293274,False,keyword_only,
"futuristic sci-fi organic airport architecture motherboard cpu on the coronation of napoleon painting, on moon with medium size woman walking with black background. unreal engine 5, keyshot, octane, artstation trending, Zaha Hadid style architecture pinterest, Matrix film pinterest color, high contrast pinterest black plastic, dark atmosphere pinterest tilt shift.",napoleon,0.2882336378097534,False,keyword_only,
"car truck race sci-fi wall structure on the coronation of napoleon painting and digital billboard in the middle, unreal engine 5, keyshot, octane, artstation trending, ultra high detail, ultra realistic, cinematic, 8k, 16k, in style of zaha hadid, in plastic, dark, tilt shift,",napoleon,0.3070673942565918,False,keyword_only,
"sci-fi wall structure on the coronation of napoleon painting on the nanospace Michael Menzelincev artstation painting, unreal engine 5, keyshot, octane, artstation trending, ultra high detail, ultra realistic, cinematic, 8k, 16k, zaha hadid style architecture, blade runner 2049 color , high contrast plastic, dark atmosphere, on black background, tilt shift,",napoleon,0.3717293441295624,False,keyword_only,
"jack nicholson as napoleon, seventies cinema, vintage, cinematic lighting, ultra realistic, panavision, wide screen, vibrant color",napoleon,0.4558163285255432,False,keyword_only,
"futuristic sci-fi architecture wall structure motherboard cpu on the coronation of napoleon painting, on moon, medium size man human walking. unreal engine 5, keyshot, octane, artstation trending, Zaha Hadid style architecture pinterest, Matrix film pinterest color , high contrast pinterest black plastic, dark atmosphere pinterest, black background pinterest, tilt shift.",napoleon,0.29555544257164,False,keyword_only,
sci-fi organic zaha hadid car 30% of canvas and wall structure in the coronation of napoleon painting by Jacques-Louis David and in the blade runner 2049 film search pinterest keyshot product render 4k in dark plastic,napoleon,0.3931339979171753,False,keyword_only,
"sci-fi wall structure logotype and car on the coronation of napoleon painting and digital billboard in the middle, unreal engine 5, keyshot, octane, artstation trending, ultra high detail, ultra realistic, cinematic, 8k, 16k, in style of zaha hadid, in plastic, dark, tilt shift,",napoleon,0.3926217257976532,False,keyword_only,
sci-fi organic zaha hadid full-lenght 50% of canvas car and wall structure in the coronation of napoleon painting by Jacques-Louis David and in the blade runner 2049 film search pinterest keyshot product render 4k in dark plastic,napoleon,0.33442986011505127,False,keyword_only,
"sci-fi organic brutalism speed dynamic o x u wall panel on the coronation of napoleon painting and digital billboard in the middle, background lighting, unreal engine 5, keyshot, octane, artstation trending, ultra high detail, ultra realistic, cinematic, 8k, 16k, in style of zaha hadid, in style of nanospace artstation, in plastic,dark, tilt shift,",napoleon,0.3078860640525818,False,keyword_only,
"digital sci-fi oily gloss reflection airport with organic brutalism forms in liquid and oil on the coronation of napoleon painting, on moon with medium size man walking with black background. unreal engine 5, keyshot, octane, artstation trending, by Zaha Hadid architects, by Matrix film color, high contrast pinterest black plastic, dark atmosphere pinterest tilt shift, 4k, 8k, 16k.",napoleon,0.21173156797885895,False,keyword_only,
"sci-fi speed x y u shape wall structure on the coronation of napoleon painting and digital billboard in the middle, unreal engine 5, keyshot, octane, artstation trending, ultra high detail, ultra realistic, cinematic, 8k, 16k, in style of zaha hadid, in style of photogrammetry point cloud, in plastic,dark, tilt shift,",napoleon,0.3487122654914856,False,keyword_only,
sci-fi organic form car and wall structure in the coronation of napoleon painting by Jacques-Louis David in the blade runner 2049 film and point cloud digital billboard organic architecture forms artwork by caravaggio unreal engine 5 keyshot octane lighting ultra high detail ultra hyper realism 8k 16k in plastic dark tilt shift full-length view,napoleon,0.2673054337501526,False,keyword_only,
"sci-fi crate structure panel on the coronation of napoleon painting and digital hologram in the middle, unreal engine 5, keyshot, octane, artstation trending, ultra high detail, ultra realistic, cinematic, 8k, 16k, in style of zaha hadid, colors in style of nanospace Michael Menzelincev, colors in style of the Blade Runner 2049, in plastic, dark, tilt shift,",napoleonic,0.3521764576435089,False,keyword_only,
sci-fi cars trucks motorcycles portrait 50% of canvas in center and wall near structure on the coronation of napoleon painting and digital billboard in the middle and everything in style of zaha hadid and suprematism forms unreal engine 5 keyshot octane artstation trending bladerunner 2049 colors lighting ultra high detail ultra photo realistic 8k 16k in plastic dark tilt shift,napoleon,0.3057836890220642,False,keyword_only,
full lenght sci-fi car in the coronation of napoleon painting by Jacques-Louis David in nachtwacht rembrandt and point cloud in the middle and everything in form of zaha hadid architects unreal engine 5 keyshot octane lighting ultra high detail ultra hyper realism 8k 16k in plastic dark tilt shift full-length view,napoleon,0.3772306442260742,False,keyword_only,
"sci-fi brutalist airport view from above structure on the coronation of napoleon painting and digital billboard point cloud in the middle, unreal engine 5, keyshot, octane, artstation trending, ultra high detail, ultra realistic, cinematic, 8k, 16k, in style of zaha hadid, in style of nanospace, colors in style of the Blade Runner 2049, in plastic, dark, tilt shift,",napoleon,0.31131166219711304,False,keyword_only,
sci-fi organic form car and wall structure in the coronation of napoleon painting by Jacques-Louis David in the blade runner 2049 film organic architecture forms artwork by caravaggio unreal engine 5 keyshot octane lighting ultra high detail ultra hyper realism 8k 16k in plastic dark tilt shift full-length view,napoleon,0.2841876149177551,False,keyword_only,
"sci-fi 3d car and wall structure car, in the coronation of napoleon painting, and digital billboard in the middle. octane render pinterest, keyshot product render, water reflections gloss shiny in luquid",napoleon,0.4089582562446594,False,keyword_only,
"sci-fi airport structure on the coronation of napoleon painting and digital billboard in the middle, unreal engine 5, keyshot, octane, artstation trending, ultra high detail, ultra realistic, cinematic, 8k, 16k, in style of zaha hadid, in style of photogrammetry point cloud, in plastic, dark, tilt shift,",napoleon,0.3172778785228729,False,keyword_only,
"sci-fi car, zaha hadid, wall structure, logotype, car, on the coronation of napoleon, digital billboard in the middle, trending on artstation, octane render pinterest, keyshot product render pinterest, artwork in style of Sheng Lam",napoleon,0.36152392625808716,False,keyword_only,
"sci-fi wall structure on the coronation of napoleon painting and digital billboard in the middle, unreal engine 5, keyshot, octane, artstation trending, ultra high detail, ultra realistic, cinematic, 8k, 16k, in style of zaha hadid, in style of photogrammetry point cloud, in plastic, dark, tilt shift,",napoleon,0.39158913493156433,False,keyword_only,
sci-fi organic zaha hadid car 30% of canvas and wall structure in the coronation of napoleon painting by Jacques-Louis David and in the blade runner 2049 film search pinterest keyshot product render ultra high detail ultra realism 4k in plastic dark tilt shift,napoleon,0.3840155005455017,False,keyword_only,
"Portrait of Kanye West as Emperor Napoleon in Fallout New Vegas, splash art, movie still, cinematic lighting, dramatic, octane render, long lens, shallow depth of field, bokeh, anamorphic lens flare, 8k, hyper detailed, 35mm film grain",napoleon,0.4893414080142975,False,keyword_only,
"sci-fi wall panel structure on the coronation of napoleon painting and point cloud in the middle, unreal engine 5, keyshot, octane, artstation trending, ultra high detail, ultra realistic, cinematic, 8k, 16k, in style of zaha hadid architecture, colors in style of nanospace Michael Menzelincev, in style of Lee SOUDER, colors in style of the Blade Runner 2049, in plastic, dark, tilt shift,",napoleon,0.3947623372077942,False,keyword_only,
"digital sci-fi oily gloss reflection airport motherboard cpu in liquid and oil on the coronation of napoleon painting, on moon with medium size man walking with black background. unreal engine 5, keyshot, octane, artstation trending, by Zaha Hadid style architecture, by Matrix film color, high contrast pinterest black plastic, dark atmosphere pinterest tilt shift, 4k, 8k, 16k.",napoleon,0.23179346323013306,False,keyword_only,
"sci-fi cars race : near wall structure on : the coronation of napoleon painting : and digital billboard in the middle, in style of zaha hadid, suprematism composition, unreal engine 5, keyshot, octane, artstation trending, in lighting of blade runner 2049, ultra high detail, ultra photo realistic, 8k, 16k, in plastic, dark, tilt shift,",napoleon,0.34449607133865356,False,keyword_only,
"futuristic sci-fi architecture wall structure motherboard cpu on the coronation of napoleon painting, on moon, medium size man human walking. unreal engine 5, keyshot, octane, artstation trending, Zaha Hadid style architecture pinterest, Matrix film pinterest color , high contrast pinterest black plastic, dark atmosphere pinterest, black background pinterest, tilt shift.",napoleon,0.29555544257164,False,keyword_only,
"khyzyl saleem car : medium size: in the coronation of napoleon  ceremony: in liquid : 7, u, x, y, o graffiti big size forms: motherboard medium size forms : Kazimir Malevich big size forms :  zaha hadid architecture big size forms: brutalist medium size forms: sci-fi futuristic setting: Ash Thorp car: ultra realistic phtotography, keyshot, unreal engine 5, high reflections oil, liquid high glossy, high specularity, ultra detailed, 4k, 8k, 16k",napoleon,0.2817299962043762,False,keyword_only,
"car race: cars portraits, on the coronation of napoleon painting, low camera angle, motherboard forms designed by zaha hadid, sci-fi futuristic ultra realistic photography, shot by Andrei Tarkovsky, keyshot render, octane render, unreal engine 5 lumen, high oiled liquid glossy specularity reflections, ultra detailed, golden hour, dramatic lighting 4k, 8k, 16k in the style ofblade runner 2049 Cyberpunk 2077 ghost in the shell thor 2 marvel film : tilt shift: sharp focus",napoleon,0.2320491522550583,False,keyword_only,
"digital sci-fi oily gloss reflection airport motherboard wall structure in liquid and oil on the coronation of napoleon painting, on moon with medium size man walking with black background and digital billboard in the middle. unreal engine 5, keyshot, octane, artstation trending, by Zaha Hadid architects, by Matrix film color, high contrast pinterest black plastic, dark atmosphere pinterest tilt shift, 4k, 8k, 16k.",napoleon,0.19021831452846527,False,keyword_only,
"high quality presentation photo of a detailed porcelain figurine of a cute cat dressed as Napoleon holding a piece of cheese, photography 4k, f1.8 anamorphic, bokeh, 4k, Canon, Nikon",napoleon,0.3843728303909302,False,keyword_only,
"sci-fi sport car formula 1 hatchback transport design organic smooth elastic forms on the front background wall structure in the coronation of napoleon painting by Jacques-Louis David, pinterest keyshot product render, cloudy plastic ceramic material shiny gloss water reflections, ultra high detail ultra realism, 4k",napoleonic,0.3518224358558655,False,keyword_only,
sci-fi car dynamic organic forms and wall structure in the coronation of napoleon painting by Jacques-Louis David ceramic metal material shiny gloss water reflections search pinterest keyshot product render 4k,napoleonic,0.4313431978225708,False,keyword_only,
"sci-fi airport on moon with medium size man walking and digital billboard in the middle oily gloss reflection with organic forms in liquid and oil on the coronation of napoleon painting, with black background. unreal engine 5, keyshot, octane, artstation trending, by Zaha Hadid architects, by Matrix film color, high contrast pinterest black plastic, dark atmosphere pinterest tilt shift, 4k, 8k, 16k.",napoleon,0.30122020840644836,False,keyword_only,
full lenght sci-fi flying car in the coronation of napoleon painting by Jacques-Louis David in the blade runner 2049 film and point cloud in the middle and everything in form of zaha hadid architects artwork by caravaggio unreal engine 5 keyshot octane lighting ultra high detail ultra hyper realism 8k 16k in plastic dark tilt shift full-length view,napoleon,0.27275753021240234,False,keyword_only,
"symmetry!! it nerd napoleon dynamite network linux engineer, nerdy intricate, elegant, highly detailed, digital painting, artstation, concept art, smooth, sharp focus, illustration, by cgsociety and stefan kostic and stanley lau and artgerm, gorgeous, elegant",napoleon,0.36517974734306335,False,keyword_only,
"sci-fi wall structure panel on the coronation of napoleon painting and digital hologram in the middle, unreal engine 5, keyshot, octane, artstation trending, ultra high detail, ultra realistic, cinematic, 8k, 16k, in style of zaha hadid, colors in style of nanospace Michael Menzelincev, colors in style of the Blade Runner 2049, in plastic, dark, tilt shift,",napoleon,0.39908310770988464,False,keyword_only,
car big pattern noise letters and numbers pattern shapes sci-fi organic brutalist forms zaha hadid khyzyl saleem formula 1 car and wall structure noise in the coronation of napoleon painting by Jacques-Louis David and in the blade runner 2049 film search pinterest keyshot product render cloudy plastic ceramic material shiny gloss water reflections ultra high detail ultra realism 4k in plastic dark tilt shift,napoleonic,0.24152697622776031,False,keyword_only,
"sci-fi airport on the coronation of napoleon painting view from above oily gloss reflection with organic forms in liquid and oil, on moon with medium size man walking with black background and digital billboard in the middle. unreal engine 5, keyshot, octane, artstation trending, by Zaha Hadid architects, by Matrix film color, high contrast pinterest black plastic, dark atmosphere pinterest tilt shift, 4k, 8k, 16k.",napoleon,0.38423770666122437,False,keyword_only,
full lenght sci-fi cars in the coronation of napoleon painting by Jacques-Louis David and point cloud in the middle and everything in form of zaha hadid architects artwork by caravaggio unreal engine 5 keyshot octane lighting ultra high detail ultra hyper realism 8k 16k in plastic dark tilt shift full-length view,napoleon,0.3897765278816223,False,keyword_only,
"sci-fi organic brutalism speed dynamic o x u airport interior wall panel on the coronation of napoleon painting and digital billboard in the middle, unreal engine 5, keyshot, octane, artstation trending, ultra high detail, ultra realistic, cinematic, 8k, 16k, in style of zaha hadid, in style of nanospace artstation, in plastic,dark, tilt shift,",napoleon,0.2838139832019806,False,keyword_only,
"muammar kadhafi as emperor napoleon in gears of war, splash art, movie still, detailed face, cinematic lighting, dramatic, octane render, long lens, shallow depth of field, bokeh, anamorphic lens flare, 8 k, hyper detailed, 3 5 mm film grain",napoleon,0.46102359890937805,False,keyword_only,
sci-fi cars 50% of canvas in center and wall near structure on the coronation of napoleon and digital billboard photogrammetry point cloud in the middle and everything in style of zaha hadid and suprematism forms painting done by jeremy geddes art unreal engine 5 keyshot octane artstation trending in style of blade runner 2049 2017 ultra high detail ultra photo realistic 8k 16k in plastic dark tilt shift,napoleon,0.37082672119140625,False,keyword_only,
"sci-fi motherboard structure on the coronation of napoleon painting and digital billboard in the middle, unreal engine 5, keyshot, octane, artstation trending, ultra high detail, ultra realistic, cinematic, 8k, 16k, in style of zaha hadid, in style of nanospace Michael Menzelincev, in style of Lee SOUDER, colors in style of the Blade Runner 2049, in plastic, dark, tilt shift,",napoleon,0.35421067476272583,False,keyword_only,
sci-fi cars 50% of canvas in center and wall near structure on the coronation of napoleon painting and digital billboard in the middle and everything in style of zaha hadid and suprematism forms unreal engine 5 keyshot octane artstation trending ultra high detail ultra photo realistic 8k 16k in plastic dark tilt shift,napoleon,0.32892757654190063,False,keyword_only,
"digital sci-fi oily gloss reflection airport with organic brutalism forms in liquid and oil on the coronation of napoleon painting, on moon with medium size man walking with black background. unreal engine 5, keyshot, octane, artstation trending, by Zaha Hadid architects, by Matrix film color, high contrast pinterest black plastic, dark atmosphere pinterest tilt shift, 4k, 8k, 16k.",napoleon,0.21173156797885895,False,keyword_only,
"napoleon Bonaparte slam dunks in an NBA game, highly detailed, 8k, octane render",napoleon,0.4586699903011322,False,keyword_only,
"kanye west as emperor napoleon in doom eternal, splash art, movie still, cinematic lighting, dramatic, octane render, long lens, shallow depth of field, bokeh, anamorphic lens flare, 8 k, hyper detailed, 3 5 mm film grain",napoleon,0.4206003248691559,False,keyword_only,
"sci-fi organic brutalism speed dynamic o x u wall panel on the coronation of napoleon painting and digital billboard in the middle, unreal engine 5, keyshot, octane, artstation trending, ultra high detail, ultra realistic, cinematic, 8k, 16k, in style of zaha hadid, in style of nanospace artstation, in plastic,dark, tilt shift,",napoleon,0.30355337262153625,False,keyword_only,
"digital sci-fi oily gloss reflection airport motherboard cpu with organic brutlism forms in liquid and oil on the coronation of napoleon painting, on moon with medium size man walking with black background. unreal engine 5, keyshot, octane, artstation trending, by Zaha Hadid architects, by Matrix film color, high contrast pinterest black plastic, dark atmosphere pinterest tilt shift, 4k, 8k, 16k.",napoleon,0.20424127578735352,False,keyword_only,
"sci-fi motherboard structure on the coronation of napoleon painting and digital billboard in the middle, unreal engine 5, keyshot, octane, artstation trending, ultra high detail, ultra realistic, cinematic, 8k, 16k, in style of zaha hadid, in style of nanospace Michael Menzelincev artstation, in style of Lee SOUDER artstation, colors in style of Blade Runner 2049, in plastic, dark, tilt shift,",napoleon,0.3371201753616333,False,keyword_only,
"sci-fi brutalist airport view from above structure on the coronation of napoleon painting point cloud in the middle, unreal engine 5, keyshot, octane, artstation trending, ultra high detail, ultra realistic, cinematic, 8k, 16k, in style of zaha hadid, in style of nanospace, colors in style of the Blade Runner 2049, in plastic, dark, tilt shift,",napoleon,0.3587360978126526,False,keyword_only,
"A Portal in a snowing tunnel, napoleonic era, digital art, highly detailed, trending on artstation, tense mood",napoleonic,0.3098382353782654,False,keyword_only,
"sci-fi airport on moon with medium size man walking and digital billboard in the middle view from above oily gloss reflection with organic forms in liquid and oil on the coronation of napoleon painting, with black background. unreal engine 5, keyshot, octane, artstation trending, by Zaha Hadid architects, by Matrix film color, high contrast pinterest black plastic, dark atmosphere pinterest tilt shift, 4k, 8k, 16k.",napoleon,0.2845047116279602,False,keyword_only,
"sci-fi wall panel structure on the coronation of napoleon painting, point cloud in the middle, unreal engine 5, keyshot, octane, artstation trending, ultra high detail, ultra realistic, cinematic, 8k, 16k, in style of zaha hadid, in style of nanospace, colors in style of the Blade Runner 2049, in plastic, dark, tilt shift,",napoleon,0.40865540504455566,False,keyword_only,
"sci-fi airport from above view motherboard structure on the coronation of napoleon painting and digital billboard in the middle, unreal engine 5, keyshot, octane, artstation trending, ultra high detail, ultra realistic, cinematic, 8k, 16k, in style of zaha hadid, in style of nanospace Michael Menzelincev, in style of Lee SOUDER, colors in style of the Blade Runner 2049, in plastic, dark, tilt shift,",napoleon,0.25350600481033325,False,keyword_only,
"digital sci-fi oily gloss reflection warehouses with organic brutalism forms in liquid and oil on the coronation of napoleon painting, on moon with medium size man walking with black background. unreal engine 5, keyshot, octane, artstation trending, by Zaha Hadid architects, by Matrix film color, high contrast pinterest black plastic, dark atmosphere pinterest tilt shift, 4k, 8k, 16k.",napoleonic,0.20309150218963623,False,keyword_only,
"Portrait of Napoleon in India, realistic, photo studio, HDR, 8k, trending on artstation",napoleon,0.4775889217853546,False,keyword_only,
sci-fi car and wall structure in the coronation of napoleon painting by Jacques-Louis David in the blade runner 2049 film and point cloud in the middle and everything in form of zaha hadid architects artwork by caravaggio unreal engine 5 keyshot octane lighting ultra high detail ultra hyper realism 8k 16k in plastic dark tilt shift full-length view,napoleon,0.30060338973999023,False,keyword_only,
"sci-fi cars : wallnearstructureon : thecoronationofnapoleonpainting : in style of zahahadid, suprematism medium size composition, unrealengine5lumen, keyshot, octane, artstationtrending, ultrahighdetail, ultrarealistic, bladerunner2049, 8k, 16k, in plastic, dark, tilt shift,",napoleon,0.13175873458385468,False,keyword_only,
"sci-fi wall structure on the coronation of napoleon painting and digital billboard in the middle, unreal engine 5, keyshot, octane, artstation trending, ultra high detail, ultra realistic, cinematic, 8k, 16k, in style of zaha hadid, in plastic, dark, tilt shift,",napoleon,0.41599854826927185,False,keyword_only,
"view from above sci-fi airport on the coronation of napoleon painting and digital billboard in the middle, unreal engine 5, keyshot, octane, artstation trending, ultra high detail, ultra realistic, cinematic, 8k, 16k, in style of zaha hadid, in style of nanospace Michael Menzelincev, in style of Lee SOUDER, in style of photogrammetry cloud, in plastic, dark, tilt shift,",napoleon,0.3417690694332123,False,keyword_only,
"car Ash Thorp khyzyl saleem car on the coronation of napoleon : medium size : in oil liquid, organic architecture small size forms structure : 7, u, x, y, o medium size forms: Kazimir Malevich forms :  zaha hadid architecture medium size forms: brutalist medium size forms: keyshot, unreal engine 5, high reflections oil, liquid high glossy, high specularity, ultra detailed, 4k, 8k, 16k",napoleonic,0.4880281090736389,False,keyword_only,
sci-fi cars trucks motorcycles 50% of canvas on the coronation of napoleon painting and digital billboard photogrammetry point cloud in the middle and everything in style of zaha hadid and suprematism forms unreal engine 5 keyshot octane artstation trending blade runner 2049 colors lighting ultra high detail ultra photo realistic 8k 16k in plastic dark tilt shift,napoleon,0.30395063757896423,False,keyword_only,
full lenght sci-fi cars in the coronation of napoleon painting and point cloud in the middle and everything in form of zaha hadid architects artwork by caravaggio unreal engine 5 keyshot octane lighting ultra high detail ultra hyper realism 8k 16k in plastic dark tilt shift full-length view,napoleon,0.3659552335739136,False,keyword_only,
sci-fi organic brutalist car and wall structure in the coronation of napoleon painting by Jacques-Louis David in the blade runner 2049 film artwork by caravaggio unreal engine 5 keyshot octane lighting ultra high detail ultra hyper realism 8k 16k in plastic dark tilt shift full-length view,napoleon,0.32020103931427,False,keyword_only,
"sci-fi cars on the coronation of napoleon painting and digital billboard in the middle, unreal engine 5, keyshot, octane, artstation trending, ultra high detail, ultra realistic, cinematic, 8k, 16k, in style of zaha hadid, in plastic, dark, tilt shift,",napoleon,0.32645782828330994,False,keyword_only,
"sci-fi motherboard structure on the coronation of napoleon painting and digital billboard in the middle, unreal engine 5, keyshot, octane, artstation trending, ultra high detail, ultra realistic, cinematic, 8k, 16k, in style of zaha hadid, in style of nanospace Michael Menzelincev, in style of Lee SOUDER, colors in style of the Blade Runner 2049, in plastic, dark, tilt shift,",napoleon,0.35421067476272583,False,keyword_only,
"sci-fi wall structure on the coronation of napoleon painting on the nanospace Michael Menzelincev artstation painting on moon, unreal engine 5, keyshot, octane, artstation trending, ultra high detail, ultra realistic, cinematic pinterest style, 8k, 16k, zaha hadid style architecture, matrix film color , high contrast pinterest plastic, dark atmosphere pinteres, on black background pinterest, volumetric lighting pinterest, tilt shift,",napoleon,0.33283865451812744,False,keyword_only,
brad pitt as napoleon dynamite,napoleon,0.4903159737586975,False,keyword_only,
"sci-fi wall structure logotype and car on the coronation of napoleon and digital billboard in the middle, unreal engine 5, keyshot, octane, artstation trending, ultra high detail, ultra realistic, cinematic, 8k, 16k, in style of zaha hadid Maciej Kuciara Piotr Jabłoński Ruan Jia Sheng Lam Paul Chadeisson Khyzyl Saleem, in plastic, dark, tilt shift,",napoleon,0.41958528757095337,False,keyword_only,
full lenght sci-fi cars in the coronation of napoleon painting by Jacques-Louis David in the blade runner 2049 film on the moon and point cloud in the middle and everything in form of zaha hadid architects artwork by caravaggio unreal engine 5 keyshot octane lighting ultra high detail ultra hyper realism 8k 16k in plastic dark tilt shift full-length view,napoleon,0.25778651237487793,False,keyword_only,
"futuristic sci-fi architecture wall structure motherboard cpu on the coronation of napoleon painting, on moon, medium size man human walking. unreal engine 5, keyshot, octane, artstation trending, 8k, 16k, Zaha Hadid style architecture pinterest, Matrix film pinterest color , high contrast pinterest black plastic, dark atmosphere pinterest, black background pinterest, tilt shift.",napoleon,0.29688602685928345,False,keyword_only,
"khyzyl saleem car : medium size: in the coronation of napoleon  ceremony: in liquid: in dark plastic : 7, u, x, y, o graffiti big size forms: motherboard medium size forms : Kazimir Malevich big size forms :  zaha hadid architecture big size forms: brutalist medium size forms: sci-fi futuristic setting: Ash Thorp car: ultra realistic phtotography, keyshot, unreal engine 5, high reflections oil, liquid high glossy, high specularity, ultra detailed, 4k, 8k, 16k: black bacground",napoleon,0.27041691541671753,False,keyword_only,
sci-fi cars trucks motorcycles 50% of canvas in center and wall near structure on the coronation of napoleon and digital billboard photogrammetry point cloud in the middle and everything in style of zaha hadid and suprematism forms unreal engine 5 keyshot octane artstation trending blade runner 2049 colors lighting ultra high detail ultra photo realistic 8k 16k in plastic dark tilt shift,napoleon,0.3194662630558014,False,keyword_only,
"sci-fi cars on the coronation of napoleon painting and digital billboard in the middle, unreal engine 5, keyshot, octane, artstation trending, ultra high detail, ultra realistic, cinematic, 8k, 16k, in style of zaha hadid, in plastic, dark, tilt shift,",napoleon,0.32645782828330994,False,keyword_only,
"head and shoulders portrait painting of young man who looks like zayn malik as an elf by jeremy mann, wearing leather napoleonic military style jacket, only one head single portrait, pointy ears",napoleon,0.3395231068134308,False,keyword_only,
"futuristic sci-fi architecture wall structure motherboard cpu on the coronation of napoleon painting, on moon, small character. unreal engine 5, keyshot, octane, artstation trending, 8k, 16k, Zaha Hadid style architecture pinterest, Matrix film pinterest color , high contrast pinterest black plastic, dark atmosphere pinterest, black background pinterest, tilt shift.",napoleon,0.34919261932373047,False,keyword_only,
full lenght sci-fi cars in the coronation of napoleon painting by Jacques-Louis David and point cloud in the middle and everything in form of zaha hadid architects artwork by caravaggio unreal engine 5 keyshot octane lighting ultra high detail ultra hyper realism 8k 16k in plastic dark tilt shift full-length view,napoleon,0.3897765278816223,False,keyword_only,
cat dressed like napoleon holding a block of cheese,napoleon,0.4826321601867676,False,keyword_only,
"sci-fi motherboard brutalism organic structure on the coronation of napoleon painting and digital billboard in the middle, unreal engine 5, keyshot, octane, artstation trending, ultra high detail, ultra realistic, cinematic, 8k, 16k, in style of zaha hadid, in style of nanospace Michael Menzelincev, in style of Lee SOUDER, colors in style of the Blade Runner 2049, in plastic, dark, tilt shift,",napoleon,0.30245041847229004,False,keyword_only,
"sci-fi motherboard structure on the coronation of napoleon painting and digital billboard in the middle, unreal engine 5, keyshot, octane, artstation trending, ultra high detail, ultra realistic, cinematic, 8k, 16k, in style of zaha hadid, in style of nanospace Michael Menzelincev, in style of Lee SOUDER, colors in style of the Blade Runner 2049, in plastic, dark, tilt shift,",napoleon,0.3542107939720154,False,keyword_only,
"“Napoleon, Cleopatra and Churchill, sitting around a table, on the table there is a map, digital art, award winning, 4k”",napoleon,0.497562050819397,False,keyword_only,
"sci-fi wall structure logotype and car on the coronation of napoleon and digital billboard in the middle, unreal engine 5, keyshot, octane, artstation trending, ultra high detail, ultra realistic, cinematic, 8k, 16k, in style of zaha hadid, in plastic, dark, tilt shift,",napoleon,0.40918847918510437,False,keyword_only,
"sci-fi airport on moon with medium size man walking and digital billboard in the middle view from above oily gloss reflection with organic forms in liquid and oil on the coronation of napoleon painting, with black background. unreal engine 5, keyshot, octane, artstation trending, by Zaha Hadid architects, by Matrix film color, high contrast pinterest black plastic, dark atmosphere pinterest tilt shift, 4k, 8k, 16k.",napoleon,0.2845047116279602,False,keyword_only,
"Kanye West as Emperor Napoleon in Gears of War, splash art, movie still, cinematic lighting, dramatic, octane render, long lens, shallow depth of field, bokeh, anamorphic lens flare, 8k, hyper detailed, 35mm film grain",napoleon,0.3595317602157593,False,keyword_only,
sci-fi organic form car 50% of canvas and wall structure in the coronation of napoleon painting by Jacques-Louis David and in the blade runner 2049 film organic architecture forms search pinterest keyshot product render ultra high detail ultra realism 4k in plastic dark tilt shift,napoleon,0.2444223016500473,False,keyword_only,
sci-fi car and wall structure in the coronation of napoleon painting by Jacques-Louis David in the blade runner 2049 film and point cloud in the middle and everything in form of zaha hadid architects artwork by caravaggio unreal engine 5 keyshot octane lighting ultra high detail ultra hyper realism 8k 16k in plastic dark tilt shift full-length view,napoleon,0.30060338973999023,False,keyword_only,
"sci-fi wall structure on the coronation of napoleon painting on the nanospace Michael Menzelincev artstation painting, unreal engine 5, keyshot, octane, artstation trending, ultra high detail, ultra realistic, cinematic, 8k, 16k, zaha hadid style architecture, matrix film color , high contrast plastic, dark atmosphere, on black background, volumetric lighting, tilt shift,",napoleon,0.36448583006858826,False,keyword_only,
"sci-fi wall structure on the coronation of napoleon painting and digital billboard in the middle, unreal engine 5, keyshot, octane, artstation trending, ultra high detail, ultra realistic, cinematic, 8k, 16k, in style of zaha hadid, in style of nanospace Michael Menzelincev, in style of Lee SOUDER, in style of photogrammetry cloud, in plastic, dark, tilt shift,",napoleon,0.3843598961830139,False,keyword_only,
"sci-fi cars : wall near structure on : the coronation of napoleon painting : and digital billboard in the middle, in style of zaha hadid, suprematism composition, unreal engine 5, keyshot, octane, artstation trending, ultra high detail, ultra realistic, cinematic, 8k, 16k, in plastic, dark, tilt shift,",napoleon,0.3411021828651428,False,keyword_only,
"a giant squirrel carrying napoleon on its back, beach scene with flowers and foliage, detailed oil painting",napoleon,0.44808346033096313,False,keyword_only,
sci-fi organic car zaha hadid 30% of canvas and wall structure in the coronation of napoleon painting by Jacques-Louis David and in the pinterest blade runner 2049 film search pinterest keyshot product render ultra high detail ultra realism 4k in plastic dark tilt shift,napoleon,0.3614674210548401,False,keyword_only,
"sci-fi sport car f1 hatchback transport design organic smooth elastic forms 20% of canvas on the front; background wall structure on the coronation of napoleon painting 20% of canvas; by Jacques-Louis David, pinterest keyshot product render, cloudy plastic ceramic material shiny gloss water reflections, ultra high detail ultra realism, 4k",napoleonic,0.318228542804718,False,keyword_only,
"sci-fi organic brutalism speed dynamic o x u shape wall structure on the coronation of napoleon painting and digital billboard in the middle, unreal engine 5, keyshot, octane, artstation trending, ultra high detail, ultra realistic, cinematic, 8k, 16k, in style of zaha hadid, in style of photogrammetry point cloud, in plastic,dark, tilt shift,",napoleon,0.2948925495147705,False,keyword_only,
full lenght sci-fi truck in the coronation of napoleon painting by Jacques-Louis David and point cloud in the middle and everything in form of zaha hadid architects artwork by caravaggio unreal engine 5 keyshot octane lighting ultra high detail ultra hyper realism 8k 16k in plastic dark tilt shift full-length view,napoleon,0.33775854110717773,False,keyword_only,
"portrait of zayn malik as an elf by valentin de boulogne, only one head single portrait, pointy ears, wearing a black leather napoleonic military jacket",napoleon,0.3885367512702942,False,keyword_only,
"sci-fi cars and wall near structure on the coronation of napoleon painting : and digital billboard in the middle and everything in style of zaha hadid and suprematism forms, unreal engine 5, keyshot, octane, artstation trending, ultra high detail, ultra photo realistic, 8k, 16k, in plastic, dark, tilt shift,",napoleon,0.3981629014015198,False,keyword_only,
"futuristic sci-fi architecture wall structure motherboard cpu on the coronation of napoleon painting, on moon, small character. unreal engine 5, keyshot, octane, artstation trending, 8k, 16k, Zaha Hadid style architecture pinterest, Matrix film pinterest color , high contrast pinterest black plastic, dark atmosphere pinterest, black background pinterest, tilt shift.",napoleon,0.34919261932373047,False,keyword_only,
"CaoCao and Napoleon meeting in space, Picasso Cubism style, highly detailed",napoleon,0.4299040138721466,False,keyword_only,
"sci-fi cars wall structure on the coronation of napoleon painting and digital billboard in the middle, unreal engine 5, keyshot, octane, artstation trending, ultra high detail, ultra realistic, cinematic, 8k, 16k, in style of zaha hadid, in plastic, dark, tilt shift,",napoleon,0.3370751738548279,False,keyword_only,
"5 images of dream futuristic architecture wall structure motherboard on the coronation of napoleon painting on moon. unreal engine 5, keyshot, octane, artstation trending, 8k, 16k, zaha hadid style architecture pinterest, matrix film pinterest color , high contrast pinterest plastic, dark atmosphere pinterest, black background, tilt shift.",napoleon,0.3120957016944885,False,keyword_only,
"kanye west as emperor napoleon in elden ring, splash art, movie still, cinematic lighting, dramatic, octane render, long lens, shallow depth of field, bokeh, anamorphic lens flare, 8 k, hyper detailed, 3 5 mm film grain",napoleon,0.43963831663131714,False,keyword_only,
"sci-fi wall structure on the coronation of napoleon painting on the nanospace Michael Menzelincev artstation painting, unreal engine 5, keyshot, octane, artstation trending, ultra high detail, ultra realistic, cinematic, 8k, 16k, zaha hadid style architecture, blade runner 2049 color , in plastic, dark, tilt shift,",napoleon,0.37848612666130066,False,keyword_only,
"sci-fi motherboard structure on the coronation of napoleon painting and digital hologram in the middle, unreal engine 5, keyshot, octane, artstation trending, ultra high detail, ultra realistic, cinematic, 8k, 16k, in style of zaha hadid, in style of nanospace Michael Menzelincev artstation, in style of Lee SOUDER artstation, colors in style of Blade Runner 2049, in plastic, dark, tilt shift,",napoleon,0.3131667971611023,False,keyword_only,
"sci-fi wall structure on the coronation of napoleon painting on the nanospace Michael Menzelincev artstation painting on moon, unreal engine 5, keyshot, octane, artstation trending, ultra high detail, ultra realistic, cinematic pinterest style, 8k, 16k, zaha hadid style architecture, matrix film color , high contrast pinterest plastic, dark atmosphere pinteres, on black background pinterest, volumetric lighting pinterest, tilt shift,",napoleon,0.33283865451812744,False,keyword_only,
sci-fi cars in center and wall near structure on the coronation of napoleon painting and digital billboard in the middle and everything in style of zaha hadid and suprematism forms unreal engine 5 keyshot octane artstation trending ultra high detail ultra photo realistic 8k 16k in plastic dark tilt shift,napoleon,0.3512566387653351,False,keyword_only,
sci-fi organic form car and wall structure in the coronation of napoleon painting by Jacques-Louis David in the blade runner 2049 film organic architecture forms artwork by caravaggio unreal engine 5 keyshot octane lighting ultra high detail ultra hyper realism 8k 16k in plastic dark tilt shift full-length view,napoleon,0.2841876149177551,False,keyword_only,
"sci-fi motherboard structure on the coronation of napoleon painting and digital billboard in the middle, unreal engine 5, keyshot, octane, artstation trending, ultra high detail, ultra realistic, cinematic, 8k, 16k, in style of zaha hadid, in style of nanospace Michael Menzelincev artstation, in style of Lee SOUDER artstation, colors in style of the Blade Runner 2049, in plastic, dark, tilt shift,",napoleon,0.339506059885025,False,keyword_only,
sci-fi car dynamic organic forms structure car and wall structure in the coronation of napoleon painting by Jacques-Louis David black ceramic metal material shiny gloss water reflections search pinterest keyshot product render 4k,napoleonic,0.3631208837032318,False,keyword_only,
a propaganda poster depicting a realistic looking cat dressed as french emperor napoleon holding a piece of cheese,napoleon,0.49241122603416443,False,keyword_only,
"sci-fi wall structure on the coronation of napoleon painting on the nanospace Michael Menzelincev artstation painting on moon, unreal engine 5, keyshot, octane, artstation trending, ultra high detail, ultra realistic, cinematic pinterest style, 8k, 16k, zaha hadid style architecture, matrix film color , high contrast pinterest plastic, dark atmosphere pinteres, on black background pinterest, volumetric lighting pinterest, tilt shift,",napoleon,0.33283865451812744,False,keyword_only,
"digital sci-fi oily gloss reflection motherboard cpu with organic brutalism forms in liquid and oil on the coronation of napoleon painting, on moon with medium size man walking with black background. unreal engine 5, keyshot, octane, artstation trending, by Zaha Hadid architects, by Matrix film color, high contrast pinterest black plastic, dark atmosphere pinterest tilt shift, 4k, 8k, 16k.",napoleon,0.2326323390007019,False,keyword_only,
sci-fi car and wall structure in the coronation of napoleon painting by Jacques-Louis David in the The Martian film 2011 and point cloud in the middle and everything in form of zaha hadid architects artwork by caravaggio unreal engine 5 keyshot octane lighting ultra high detail ultra hyper realism 8k 16k in plastic dark tilt shift full-length view,napoleon,0.2951588034629822,False,keyword_only,
"sci-fi motherboard airport structure on the coronation of napoleon painting and digital billboard in the middle, unreal engine 5, keyshot, octane, artstation trending, ultra high detail, ultra realistic, cinematic, 8k, 16k, in style of zaha hadid, in style of nanospace Michael Menzelincev, in style of Lee SOUDER, colors in style of the Blade Runner 2049, in plastic, dark, tilt shift,",napoleon,0.3251575231552124,False,keyword_only,
"sci-fi sport car formula 1 hatchback transport design organic smooth elastic forms on the front background digital billboard with point cloud in the coronation of napoleon painting by Jacques-Louis David unreal engine 5 lumen pinterest keyshot product render octane, dark black cloudy plastic ceramic material shiny gloss water reflections specularity, contrast lighting ultra high detail ultra realism, 4k",napoleonic,0.3690100312232971,False,keyword_only,
"sci-fi brutalist bauhaus motherboard wall panel structure on the coronation of napoleon painting and point cloud hologram in the middle, unreal engine 5, keyshot, octane, artstation trending, ultra high detail, ultra realistic, cinematic, 8k, 16k, in style of zaha hadid, in style of nanospace Michael Menzelincev, in style of Lee SOUDER, colors in style of the Blade Runner 2049, in plastic, dark, tilt shift,",napoleon,0.38083940744400024,False,keyword_only,
a cat wearing napoleon's hat with a crowd of cats wearing helmets behind him. they're on a road.,napoleon,0.3532494902610779,False,keyword_only,
"sci-fi wall structure on the coronation of napoleon painting and digital billboard in the middle, unreal engine 5, keyshot, octane, artstation trending, ultra high detail, ultra realistic, cinematic, 8k, 16k, in style of zaha hadid, in style of photogrammetry point cloud, in plastic,dark, tilt shift,",napoleon,0.39158913493156433,False,keyword_only,
big pattern noise car sci-fi organic zaha hadid car ash thorp car khyzyl saleem organic car Daniel Simon design formula 1 car airbus design 25% of canvas and wall structure in the coronation of napoleon painting by Jacques-Louis David and in the blade runner 2049 film search pinterest keyshot product render cloudy plastic ceramic material shiny gloss water reflections ultra high detail ultra realism 4k in plastic dark tilt shift,napoleon,0.2501504421234131,False,keyword_only,
"sci-fi brutalism airport wall structure motherboard on the coronation of napoleon painting and digital billboard in the middle, unreal engine 5, keyshot, octane, artstation trending, ultra high detail, ultra realistic, cinematic, 8k, 16k, in style of zaha hadid, in style of Lee SOUDER, colors in style of the Blade Runner 2049, in plastic, dark, tilt shift,",napoleon,0.33168697357177734,False,keyword_only,
"digital sci-fi oily gloss reflection airport motherboard cpu with organic brutlism forms in liquid and oil on the coronation of napoleon painting, on moon with medium size man walking with black background. unreal engine 5, keyshot, octane, artstation trending, by Zaha Hadid architects, by Matrix film color, high contrast pinterest black plastic, dark atmosphere pinterest tilt shift, 4k, 8k, 16k.",napoleon,0.20424127578735352,False,keyword_only,
"car race sci-fi wall structure on the coronation of napoleon painting and digital billboard in the middle, unreal engine 5, keyshot, octane, artstation trending, ultra high detail, ultra realistic, cinematic, 8k, 16k, in style of zaha hadid, in plastic, dark, tilt shift,",napoleon,0.3229565918445587,False,keyword_only,
anime napoleon by hasui kawase by richard schmid,napoleon,0.4835831820964813,False,keyword_only,
Napoleon animal farm pig lego 3d model,napoleon,0.3595165014266968,False,keyword_only,
"sci-fi motherboard structure airport view from above on the coronation of napoleon painting and digital billboard in the middle, unreal engine 5, keyshot, octane, artstation trending, ultra high detail, ultra realistic, cinematic, 8k, 16k, in style of zaha hadid, in style of nanospace Michael Menzelincev, in style of Lee SOUDER, colors in style of the Blade Runner 2049, in plastic, dark, tilt shift,",napoleon,0.22791317105293274,False,keyword_only,
"kanye west as emperor napoleon in mortal kombat, splash art, movie still, cinematic lighting, dramatic, octane render, long lens, shallow depth of field, bokeh, anamorphic lens flare, 8 k, hyper detailed, 3 5 mm film grain",napoleon,0.4338361620903015,False,keyword_only,
"sci-fi airport from above view motherboard structure on the coronation of napoleon painting and digital billboard in the middle, unreal engine 5, keyshot, octane, artstation trending, ultra high detail, ultra realistic, cinematic, 8k, 16k, in style of zaha hadid, in style of nanospace Michael Menzelincev, in style of Lee SOUDER, colors in style of the Blade Runner 2049, in plastic, dark, tilt shift,",napoleon,0.25350600481033325,False,keyword_only,
"sci fi car transport design organic smooth elastic forms 30% of canvas; wall structure in the coronation of napoleon painting 40% of canvas; by Jacques-Louis David, pinterest keyshot product render, cloudy plastic ceramic material shiny gloss water reflections, ultra high detail ultra realism, 4k",napoleon,0.33211550116539,False,keyword_only,
"digital sci-fi oily gloss reflection airport motherboard cpu in liquid and oil on the coronation of napoleon painting, on moon with medium size man walking with black background. unreal engine 5, keyshot, octane, artstation trending, by Zaha Hadid architects, by Matrix film color, high contrast pinterest black plastic, dark atmosphere pinterest tilt shift, 4k, 8k, 16k.",napoleon,0.2206026315689087,False,keyword_only,
"sci-fi cars : wall near structure on : the coronation of napoleon painting : and digital billboard in the middle, unreal engine 5, keyshot, octane, artstation trending, ultra high detail, ultra realistic, cinematic, 8k, 16k, in style of zaha hadid, in plastic, dark, tilt shift,",napoleon,0.33159807324409485,False,keyword_only,
sci-fi car and wall structure in the coronation of napoleon painting by Jacques-Louis David in the blade runner 2049 film and point cloud in the middle and everything in form of zaha hadid architects artwork by caravaggio unreal engine 5 keyshot octane lighting ultra high detail ultra hyper realism 8k 16k in plastic dark tilt shift full-length view,napoleon,0.30060338973999023,False,keyword_only,
sci-fi 3d car and wall structure car on the coronation of napoleon painting and digital billboard in the middle octane render pinterest keyshot product render water reflections gloss shiny in luquid,napoleon,0.41797304153442383,False,keyword_only,
"sci-fi wall structure on the coronation of napoleon painting and digital billboard in the middle, unreal engine 5, keyshot, octane, artstation trending, ultra high detail, ultra realistic, cinematic, 8k, 16k, in style of zaha hadid, in style of nanospace Michael Menzelincev, in style of Piotr Jabłoński, in style of photogrammetry point cloud, in plastic, dark, tilt shift,",napoleon,0.37929028272628784,False,keyword_only,
"futuristic sci-fi brutalist organic architecture wall structure motherboard cpu on the coronation of napoleon painting, on moon, medium size man woman walking. unreal engine 5, keyshot, octane, artstation trending, Zaha Hadid style architecture pinterest, Matrix film pinterest color , volumetric lighting, fantasy, ultra high detail, ultra realistic, high contrast pinterest black plastic, dark atmosphere pinterest, black background pinterest, tilt shift.",napoleon,0.23527361452579498,False,keyword_only,
"sci-fi motherboard structure airport view from above on the coronation of napoleon painting and digital billboard in the middle, unreal engine 5, keyshot, octane, artstation trending, ultra high detail, ultra realistic, cinematic, 8k, 16k, in style of zaha hadid, in style of nanospace Michael Menzelincev, in style of Lee SOUDER, colors in style of the Blade Runner 2049, in plastic, dark, tilt shift,",napoleon,0.22791317105293274,False,keyword_only,
"futuristic sci-fi brutalist organic architecture wall structure motherboard cpu on the coronation of napoleon painting, on moon, medium size woman walking. unreal engine 5, keyshot, octane, artstation trending, Zaha Hadid style architecture pinterest, Matrix film pinterest color, high contrast pinterest black plastic, dark atmosphere pinterest, black background pinterest, tilt shift.",napoleon,0.26541829109191895,False,keyword_only,
sci-fi range rover and wall structure in the coronation of napoleon painting by Jacques-Louis David in the blade runner 2049 film and point cloud in the middle and everything in form of zaha hadid architects artwork by caravaggio unreal engine 5 keyshot octane lighting ultra high detail ultra hyper realism 8k 16k in plastic dark tilt shift full-length view,napoleon,0.25931936502456665,False,keyword_only,
"Kanye West as Emperor Napoleon in Gears of War, splash art, movie still, cinematic lighting, dramatic, octane render, long lens, shallow depth of field, bokeh, anamorphic lens flare, 8k, hyper detailed, 35mm film grain",napoleon,0.3595317602157593,False,keyword_only,
sci-fi wall structure logotype and car on the coronation of napoleon and digital billboard in the middle unreal engine 5 keyshot octane artstation trending ultra high detail ultra realistic cinematic 8k 16k in style of zaha hadid Maciej Kuciara Piotr Jabłoński Ruan Jia Sheng Lam Paul Chadeisson Khyzyl Saleem in plastic dark tilt shift,napoleon,0.37144678831100464,False,keyword_only,
sci-fi car and wall structure in the coronation of napoleon painting by Jacques-Louis David in the blade runner 2049 film star point cloud in the middle and everything in form of zaha hadid architects artwork by caravaggio unreal engine 5 keyshot octane lighting ultra high detail ultra hyper realism 8k 16k in plastic dark tilt shift full-length view,napoleon,0.30328866839408875,False,keyword_only,
"Live Action Still of Jerma in Napoleon Dynamite, real life, hyperrealistic, ultra realistic, realistic, highly detailed, epic, HD quality, 8k resolution, body and headshot, film still",napoleon,0.2848207950592041,False,keyword_only,
"kanye west as emperor napoleon in mortal kombat, splash art, movie still, cinematic lighting, dramatic, octane render, long lens, shallow depth of field, bokeh, anamorphic lens flare, 8 k, hyper detailed, 3 5 mm film grain",napoleon,0.4338361620903015,False,keyword_only,
"digital sci-fi oily gloss reflection airport motherboard wall panel structure with organic forms in liquid and oil on the coronation of napoleon painting, on moon with medium size man walking with black background and digital billboard in the middle. unreal engine 5, keyshot, octane, artstation trending, by Zaha Hadid architects, by Matrix film color, high contrast pinterest black plastic, dark atmosphere pinterest tilt shift, 4k, 8k, 16k.",napoleon,0.2047424465417862,False,keyword_only,
sci-fi wall structure logotype and car on the coronation of napoleon and digital billboard in the middle unreal engine 5 keyshot octane artstation trending ultra high detail ultra realistic cinematic 8k 16k in style of zaha hadid Maciej Kuciara Piotr Jabłoński Ruan Jia Sheng Lam Paul Chadeisson Khyzyl Saleem in plastic dark tilt shift,napoleon,0.37144678831100464,False,keyword_only,
sci-fi 3d car and wall structure car on the coronation of napoleon painting and digital billboard in the middle octane render pinterest keyshot product render reflections gloss shiny in luquid and oil,napoleon,0.4108494222164154,False,keyword_only,
sci-fi organic form car and wall structure in the coronation of napoleon painting by Jacques-Louis David in the blade runner 2049 film organic architecture forms artwork by caravaggio unreal engine 5 keyshot octane lighting ultra high detail ultra hyper realism 8k 16k in plastic dark tilt shift full-length view,napoleon,0.28418758511543274,False,keyword_only,
"rutalist sci-fi motherboard airport view from above structure on the coronation of napoleon painting and digital billboard point cloud in the middle, unreal engine 5, keyshot, octane, artstation trending, ultra high detail, ultra realistic, cinematic, 8k, 16k, in style of zaha hadid, in style of nanospace, in plastic, dark, tilt shift,",napoleon,0.3122784197330475,False,keyword_only,
"giant elephant with an artillery gun for a head, men in napoleonic uniform operate the artillery gun as it fires in the streets of a medieval city, illustration, rpg, hubert robert",napoleonic,0.4998753070831299,False,keyword_only,
"Portrait of Kanye West as Emperor Napoleon in Fallout New Vegas, splash art, movie still, cinematic lighting, dramatic, octane render, long lens, shallow depth of field, bokeh, anamorphic lens flare, 8k, hyper detailed, 35mm film grain",napoleon,0.4893414080142975,False,keyword_only,
"sci-fi motherboard structure on the coronation of napoleon painting and digital billboard in the middle, unreal engine 5, keyshot, octane, artstation trending, ultra high detail, ultra realistic, cinematic, 8k, 16k, in style of zaha hadid, in style of nanospace Michael Menzelincev, in style of Lee SOUDER, colors in style of the Blade Runner 2049, in plastic, dark, tilt shift,",napoleon,0.35421067476272583,False,keyword_only,
"sci-fi airport view from above structure on the coronation of napoleon painting point cloud in the middle, unreal engine 5, keyshot, octane, artstation trending, ultra high detail, ultra realistic, cinematic, 8k, 16k, in style of zaha hadid, in style of nanospace, colors in style of the Blade Runner 2049, in plastic, dark, tilt shift,",napoleon,0.35398590564727783,False,keyword_only,
"sci-fi wall structure on the coronation of napoleon painting on the nanospace Michael Menzelincev artstation painting, unreal engine 5, keyshot, octane, artstation trending, ultra high detail, ultra realistic, cinematic, 8k, 16k, zaha hadid style architecture, matrix film color , high contrast plastic, dark atmosphere, on black background, volumetric lighting, tilt shift,",napoleon,0.36448583006858826,False,keyword_only,
"sci-fi motherboard structure on the coronation of napoleon painting and digital billboard in the middle, unreal engine 5, keyshot, octane, artstation trending, ultra high detail, ultra realistic, cinematic, 8k, 16k, in style of zaha hadid, in style of nanospace Michael Menzelincev, in style of Lee SOUDER, colors in style of the Blade Runner 2049, in plastic, dark, tilt shift,",napoleon,0.35421067476272583,False,keyword_only,
"kanye west as emperor napoleon in warcraft, splash art, movie still, cinematic lighting, dramatic, octane render, long lens, shallow depth of field, bokeh, anamorphic lens flare, 8 k, hyper detailed, 3 5 mm film grain",napoleon,0.40359118580818176,False,keyword_only,
"sci-fi organic brutalism speed dynamic o x u airport interior wall panel on the coronation of napoleon painting and digital billboard in the middle, unreal engine 5, keyshot, octane, artstation trending, ultra high detail, ultra realistic, cinematic, 8k, 16k, in style of zaha hadid, in style of nanospace artstation, in plastic,dark, tilt shift,",napoleon,0.2838139832019806,False,keyword_only,
full lenght sci-fi cars in the coronation of napoleon painting by Jacques-Louis David in the blade runner 2049 film and point cloud in the middle and everything in form of zaha hadid architects artwork by caravaggio unreal engine 5 keyshot octane lighting ultra high detail ultra hyper realism 8k 16k in plastic dark tilt shift full-length view,napoleon,0.2752889394760132,False,keyword_only,
sci-fi cars in blade runner 2049 full lenght baroque on the coronation of napoleon and point cloud in the middle and everything in style of zaha hadid architects and cyberpunk 2077 forms artwork by caravaggio unreal engine 5 keyshot octane lighting ultra high detail ultra hyper realism 8k 16k in plastic dark tilt shift full-length view,napoleon,0.3241046667098999,False,keyword_only,
"napoleon dynamite is elected president of the united states, 4k, realism",napoleon,0.4858132600784302,False,keyword_only,
"futuristic sci-fi brutalist organic architecture wall structure motherboard cpu on the coronation of napoleon painting, on moon, medium size man woman walking. unreal engine 5, keyshot, octane, artstation trending, Zaha Hadid style architecture pinterest, Matrix film pinterest color , volumetric lighting, fantasy, ultra high detail, ultra realistic, high contrast pinterest black plastic, dark atmosphere pinterest, black background pinterest, tilt shift.",napoleon,0.23527361452579498,False,keyword_only,
"highly detailed oil painting | very intricate | cinematic lighting | black, white and gold color scheme, dark background | emperor napoleon by alexander mcqueen | by roberto ferri, by tom bagshaw, by singer sargent and klimt, american romanticism, occult art | by austin osman spare, artstation, cgsociety, official art, octane",napoleon,0.4581668972969055,False,keyword_only,
car medium pattern noise sci-fi organic brutalist car forms and wall structure in the coronation of napoleon painting by Jacques-Louis David pinterest keyshot product render cloudy plastic ceramic material shiny gloss water reflections ultra high detail ultra realism 4k in plastic dark tilt shift,napoleonic,0.35312744975090027,False,keyword_only,
"sci-fi motherboard structure on the coronation of napoleon painting and digital billboard in the middle, unreal engine 5, keyshot, octane, artstation trending, ultra high detail, ultra realistic, cinematic, 8k, 16k, in style of zaha hadid, in style of nanospace Michael Menzelincev, in style of Lee SOUDER, colors in style of the Blade Runner 2049, in plastic, dark, tilt shift,",napoleon,0.35421067476272583,False,keyword_only,
"sci-fi motherboard structure airport view from above on the coronation of napoleon painting and digital billboard in the middle, unreal engine 5, keyshot, octane, artstation trending, ultra high detail, ultra realistic, cinematic, 8k, 16k, in style of zaha hadid, in style of nanospace Michael Menzelincev, in style of Lee SOUDER, colors in style of the Blade Runner 2049, in plastic, dark, tilt shift,",napoleon,0.22791342437267303,False,keyword_only,
"sci-fi organic brutalism speed dynamic o x u shape wall structure view from above on the coronation of napoleon painting and digital screen billboard in the middle, unreal engine 5, keyshot, octane, artstation trending, ultra high detail, ultra realistic, cinematic, 8k, 16k, in style of zaha hadid, in style of photogrammetry point cloud, in plastic,dark, tilt shift,",napoleon,0.29553186893463135,False,keyword_only,
"sci-fi motherboard structure on the coronation of napoleon painting and digital billboard in the middle, unreal engine 5, keyshot, octane, artstation trending, ultra high detail, ultra realistic, cinematic, 8k, 16k, in style of zaha hadid, in style of nanospace Michael Menzelincev, in style of Lee SOUDER, colors in style of the Blade Runner 2049, in plastic, dark, tilt shift,",napoleon,0.35421067476272583,False,keyword_only,
"digital sci-fi oily gloss reflection airport motherboard cpu with organic brutlism forms in liquid and oil on the coronation of napoleon painting, on moon with medium size man walking with black background. unreal engine 5, keyshot, octane, artstation trending, by Zaha Hadid architects, by Matrix film color, high contrast pinterest black plastic, dark atmosphere pinterest tilt shift, 4k, 8k, 16k.",napoleon,0.20424127578735352,False,keyword_only,
sci-fi cars in center and wall near structure on the coronation of napoleon painting and digital billboard in the middle and everything in style of zaha hadid and suprematism forms unreal engine 5 keyshot octane artstation trending ultra high detail ultra photo realistic 8k 16k in plastic dark tilt shift,napoleon,0.3512566387653351,False,keyword_only,
"sci-fi motherboard structure on the coronation of napoleon painting and digital billboard in the middle, unreal engine 5, keyshot, octane, artstation trending, ultra high detail, ultra realistic, cinematic, 8k, 16k, in style of zaha hadid, in style of nanospace Michael Menzelincev, in style of Lee SOUDER, colors in style of the Blade Runner 2049, in plastic, dark, tilt shift,",napoleon,0.35421067476272583,False,keyword_only,
"sci-fi cars : wall near structure on : the coronation of napoleon painting : and digital billboard in the middle, unreal engine 5, keyshot, octane, artstation trending, ultra high detail, ultra realistic, cinematic, 8k, 16k, in style of zaha hadid, in plastic, dark, tilt shift,",napoleon,0.33159783482551575,False,keyword_only,
"sci-fi organic brutalism speed dynamic o x u shape wall structure on the coronation of napoleon painting and digital billboard in the middle, unreal engine 5, keyshot, octane, artstation trending, ultra high detail, ultra realistic, cinematic, 8k, 16k, in style of zaha hadid, in style of photogrammetry point cloud, in plastic,dark, tilt shift,",napoleon,0.2948925495147705,False,keyword_only,
"“ napoleon dynamite in the style of eraserhead, hyperdetailed ”",napoleon,0.44391030073165894,False,keyword_only,
"futuristic sci-fi architecture wall structure motherboard cpu on the coronation of napoleon painting, on moon, medium size man human walking. unreal engine 5, keyshot, octane, artstation trending, Zaha Hadid style architecture pinterest, Matrix film pinterest color , high contrast pinterest black plastic, dark atmosphere pinterest, black background pinterest, tilt shift.",napoleon,0.29555544257164,False,keyword_only,
"Black and White cat dressed as napoleon in full dress uniform, hyper realistic, photorealistic, extremely detailed fur, octane render, 8k, intricate details, studio lighting",napoleon,0.47886157035827637,False,keyword_only,
"sci-fi Barcode Scanner mobile device on the coronation of napoleon painting and digital hologram in the middle, unreal engine 5, keyshot, octane, artstation trending, ultra high detail, ultra realistic, cinematic, 8k, 16k, in style of zaha hadid, colors in style of nanospace Michael Menzelincev, colors in style of the Blade Runner 2049, in plastic, dark, tilt shift,",napoleon,0.2877768278121948,False,keyword_only,
"sci-fi brutalist airport view from above structure on the coronation of napoleon painting and digital billboard point cloud in the middle, unreal engine 5, keyshot, octane, artstation trending, ultra high detail, ultra realistic, cinematic, 8k, 16k, in style of zaha hadid, in style of nanospace, colors in style of the Blade Runner 2049, in plastic, dark, tilt shift,",napoleon,0.3113117218017578,False,keyword_only,
"car truck race sci-fi wall structure on the coronation of napoleon painting and digital billboard in the middle, unreal engine 5, keyshot, octane, artstation trending, ultra high detail, ultra realistic, cinematic, high reflections gloss in oil liquid, 8k, 16k, in style of zaha hadid, in plastic, dark dramatic sunset atmosphere, tilt shift,",napoleon,0.30963000655174255,False,keyword_only,
sci-fi cars 50% of canvas in center and wall near structure on the coronation of napoleon painting and digital billboard in the middle and everything in style of zaha hadid and suprematism forms unreal engine 5 keyshot octane artstation trending bladerunner 2049 colors lighting ultra high detail ultra photo realistic 8k 16k in plastic dark tilt shift,napoleon,0.2915691137313843,False,keyword_only,
car big pattern noise sci-fi organic brutalist forms zaha hadid khyzyl saleem formula 1 car and wall structure noise in the coronation of napoleon painting by Jacques-Louis David and in the blade runner 2049 film search pinterest keyshot product render cloudy plastic ceramic material shiny gloss water reflections ultra high detail ultra realism 4k in plastic dark tilt shift,napoleonic,0.23247067630290985,False,keyword_only,
"view from above large sci-fi airport on the coronation of napoleon painting and digital billboard in the middle, unreal engine 5, keyshot, octane, artstation trending, ultra high detail, ultra realistic, cinematic, 8k, 16k, in style of zaha hadid, in style of nanospace Michael Menzelincev, in style of Lee SOUDER, in style of photogrammetry cloud, in plastic, dark, tilt shift,",napoleon,0.35259103775024414,False,keyword_only,
"portrait of muammar kadhafi as emperor napoleon in fallout, splash art, movie still, detailed face, cinematic lighting, dramatic, octane render, long lens, shallow depth of field, bokeh, anamorphic lens flare, 8 k, hyper detailed, 3 5 mm film grain",napoleon,0.49415045976638794,False,keyword_only,
"sci-fi cars on the coronation of napoleon painting and digital billboard in the middle, unreal engine 5, keyshot, octane, artstation trending, ultra high detail, ultra realistic, cinematic, 8k, 16k, in style of zaha hadid, in plastic, dark, tilt shift,",napoleon,0.32645782828330994,False,keyword_only,
"khyzyl saleem car : medium size: in the coronation of napoleon  ceremony: in liquid: in dark plastic : 7, u, x, y, o graffiti big size forms: motherboard medium size forms : Kazimir Malevich big size forms :  zaha hadid architecture big size forms: brutalist medium size forms: sci-fi futuristic setting: Ash Thorp car: ultra realistic phtotography, keyshot, unreal engine 5, high reflections oil, liquid high glossy, high specularity, ultra detailed, 4k, 8k, 16k: black bacground",napoleon,0.27041691541671753,False,keyword_only,
"sci-fi airport view from above oily gloss reflection with organic forms in liquid and oil on the coronation of napoleon painting, on moon with medium size man walking with black background and digital billboard in the middle. unreal engine 5, keyshot, octane, artstation trending, by Zaha Hadid architects, high contrast pinterest black plastic, dark atmosphere pinterest tilt shift, 4k, 8k, 16k.",napoleon,0.27518099546432495,False,keyword_only,
"rutalist sci-fi motherboard airport view from above structure on the coronation of napoleon painting and digital billboard point cloud in the middle, unreal engine 5, keyshot, octane, artstation trending, ultra high detail, ultra realistic, cinematic, 8k, 16k, in style of zaha hadid, in style of nanospace, in plastic, dark, tilt shift,",napoleon,0.3122784197330475,False,keyword_only,
"film still photo portrait of the lovechild of napoleon dynamite and tom selleck, realistic, hyperrealistic, 8 k resolution, hd quality, very detailed, highly detailed, intricate details, real life, real world, trending on artstation, digital art, really realistic, very realistic, headshot, head in frame, photograph, portrait",napoleon,0.41448235511779785,False,keyword_only,
"sci-fi cars : wall near structure on : the coronation of napoleon painting : and digital billboard in the middle, unreal engine 5, keyshot, octane, artstation trending, ultra high detail, ultra realistic, cinematic, 8k, 16k, in style of zaha hadid, in plastic, dark, tilt shift,",napoleon,0.33159783482551575,False,keyword_only,
"sci-fi motherboard structure on the coronation of napoleon painting and digital hologram in the middle, unreal engine 5, keyshot, octane, artstation trending, ultra high detail, ultra realistic, cinematic, 8k, 16k, in style of zaha hadid, in style of nanospace Michael Menzelincev artstation, in style of Lee SOUDER artstation, colors in style of Blade Runner 2049, in plastic, dark, tilt shift,",napoleon,0.3131667971611023,False,keyword_only,
"sci-fi futuristic clear wall panel structure y x o u on the coronation of napoleon painting and point cloud in the middle, unreal engine 5, keyshot, octane, artstation trending, ultra high detail, ultra realistic, cinematic, 8k, 16k, primary in style of zaha hadid, in style of nanospace Michael Menzelincev, in style of Lee SOUDER, colors in style of the Blade Runner 2049, in plastic, dark, tilt shift,",napoleon,0.3420790433883667,False,keyword_only,
"sci-fi organic brutalism speed dynamic o x u airport interior wall panel on the coronation of napoleon painting and digital billboard in the middle, unreal engine 5, keyshot, octane, artstation trending, ultra high detail, ultra realistic, cinematic, 8k, 16k, in style of zaha hadid, in style of nanospace artstation, in plastic,dark, tilt shift,",napoleon,0.2838139832019806,False,keyword_only,
"kanye wst as muammar kadhafi as emperor napoleon in fallout, splash art, movie still, detailed face, cinematic lighting, dramatic, octane render, long lens, shallow depth of field, bokeh, anamorphic lens flare, 8 k, hyper detailed, 3 5 mm film grain",napoleon,0.3446996808052063,False,keyword_only,
"kanye west as kadhafi and emperor napoleon in gears of war, splash art, movie still, cinematic lighting, dramatic, octane render, long lens, shallow depth of field, bokeh, anamorphic lens flare, 8 k, hyper detailed, 3 5 mm film grain",napoleon,0.3270238935947418,False,keyword_only,
sci fi car zaha hadid 20% of canvas and wall structure in the coronation of napoleon painting by Jacques-Louis David search pinterest keyshot product render ultra high detail ultra realism 4k in plastic dark tilt shift,napoleon,0.46236586570739746,False,keyword_only,
"sci-fi cars : wall near structure on : the coronation of napoleon painting : and digital billboard in the middle, in style of zaha hadid, suprematism composition, unreal engine 5, keyshot, octane, artstation trending, in lighting of blade runner 2049, ultra high detail, ultra photo realistic, 8k, 16k, in plastic, dark, tilt shift,",napoleon,0.3111553192138672,False,keyword_only,
"sci-fi motherboard structure on the coronation of napoleon painting and digital billboard in the middle, unreal engine 5, keyshot, octane, artstation trending, ultra high detail, ultra realistic, cinematic, 8k, 16k, in style of zaha hadid, in style of nanospace Michael Menzelincev, in style of Lee SOUDER, colors in style of the Blade Runner 2049, in plastic, dark, tilt shift,",napoleon,0.35421067476272583,False,keyword_only,
sci-fi cars trucks motorcycles 50% of canvas in center and wall near structure on the coronation of napoleon painting and digital billboard in the middle and everything in style of zaha hadid and suprematism forms unreal engine 5 keyshot octane artstation trending blade runner 2049 colors lighting ultra high detail ultra photo realistic 8k 16k in plastic dark tilt shift,napoleon,0.3139246106147766,False,keyword_only,
"5 images of dream futuristic architecture wall structure motherboard on the coronation of napoleon painting on moon. unreal engine 5, keyshot, octane, artstation trending, 8k, 16k, zaha hadid style architecture pinterest, matrix film pinterest color , high contrast pinterest plastic, dark atmosphere pinterest, black background, tilt shift.",napoleon,0.3120957016944885,False,keyword_only,
"a giant fluffy squirrel carrying napoleon bonaparte on its back, beach scene, flowers and foliage, detailed oil painting",Bonaparte,0.47600775957107544,False,keyword_only,
"digital sci-fi oily gloss reflection airport motherboard cpu with organic brutlism forms in liquid and oil on the coronation of napoleon painting, on moon with medium size man walking with black background. unreal engine 5, keyshot, octane, artstation trending, by Zaha Hadid architects, by Matrix film color, high contrast pinterest black plastic, dark atmosphere pinterest tilt shift, 4k, 8k, 16k.",napoleon,0.20424127578735352,False,keyword_only,
"photo portrait of the lovechild of napoleon dynamite and paul blart from new york, realistic, hyperrealistic, 8 k resolution, hd quality, very detailed, highly detailed, intricate details, real life, real world, trending on artstation, digital art, really realistic, very realistic, headshot, head in frame, stock image",napoleon,0.46332406997680664,False,keyword_only,
"high quality presentation photo of a a detailed porcelain figurine of a cute cat dressed as Napoleon holding a piece of chesse, photography 4k, f1.8 anamorphic, bokeh, 4k, Canon, Nikon",napoleon,0.393102765083313,False,keyword_only,
"futuristic sci-fi brutalist organic architecture wall structure motherboard cpu on the coronation of napoleon painting, on moon, medium size man woman walking. unreal engine 5, keyshot, octane, artstation trending, Zaha Hadid style architecture pinterest, Matrix film pinterest color, high contrast pinterest black plastic, dark atmosphere pinterest, black background pinterest, tilt shift.",napoleon,0.2675396203994751,False,keyword_only,
sci-fi car and wall structure in the coronation of napoleon painting by Jacques-Louis David in the blade runner 2049 film star point cloud in the middle and everything in form of zaha hadid architects artwork by caravaggio unreal engine 5 keyshot octane lighting ultra high detail ultra hyper realism 8k 16k in plastic dark tilt shift full-length view,napoleon,0.30328866839408875,False,keyword_only,
"sci-fi sport car f1 hatchback transport design organic smooth elastic forms 20% of canvas; backgroundwall structure on the coronation of napoleon painting 20% of canvas; by Jacques-Louis David, pinterest keyshot product render, cloudy plastic ceramic material shiny gloss water reflections, ultra high detail ultra realism, 4k",napoleonic,0.333757221698761,False,keyword_only,
"Portrait of Napoleon in India, realistic, photo studio, HDR, 8k, trending on artstation",napoleon,0.4775889217853546,False,keyword_only,
"sci-fi motherboard structure on the coronation of napoleon painting and digital billboard in the middle, unreal engine 5, keyshot, octane, artstation trending, ultra high detail, ultra realistic, cinematic, 8k, 16k, in style of zaha hadid, in style of nanospace Michael Menzelincev, in style of Lee SOUDER, colors in style of the Blade Runner 2049, in plastic, dark, tilt shift,",napoleon,0.35421067476272583,False,keyword_only,
sci-fi car dynamic organic forms structure car and wall structure in the coronation of napoleon painting by Jacques-Louis David ceramic metal material shiny gloss water reflections search pinterest keyshot product render 4k,napoleonic,0.36086800694465637,False,keyword_only,
"sci-fi wall structure on the coronation of napoleon painting on the nanospace Michael Menzelincev artstation painting on moon, unreal engine 5, keyshot, octane, artstation trending, ultra high detail, ultra realistic, cinematic pinterest style, 8k, 16k, zaha hadid style architecture, matrix film color , high contrast pinterest plastic, dark atmosphere pinteres, on black background pinterest, volumetric lighting pinterest, tilt shift,",napoleon,0.3328388035297394,False,keyword_only,
"sci-fi wall structure on the coronation of napoleon painting and digital billboard in the middle, unreal engine 5, keyshot, octane, artstation trending, ultra high detail, ultra realistic, cinematic, 8k, 16k, in style of zaha hadid, in style of photogrammetry point cloud, in plastic,dark, tilt shift,",napoleon,0.39158913493156433,False,keyword_only,
sci-fi organic zaha hadid car 50% of canvas and wall structure in the coronation of napoleon painting by Jacques-Louis David and in the blade runner 2049 film search pinterest keyshot product render ultra high detail ultra realism 4k in plastic dark tilt shift,napoleon,0.36328285932540894,False,keyword_only,
"sci-fi wall structure on the coronation of napoleon painting on the nanospace Michael Menzelincev artstation painting on moon, unreal engine 5, keyshot, octane, artstation trending, ultra high detail, ultra realistic, cinematic pinterest style, 8k, 16k, zaha hadid style architecture, matrix film color , high contrast pinterest plastic, dark atmosphere pinteres, on black background pinterest, volumetric lighting pinterest, tilt shift,",napoleon,0.33283865451812744,False,keyword_only,
"a giant squirrel carrying napoleon bonaparte on its back, beach scene with flowers and foliage, detailed oil painting",Bonaparte,0.4875597059726715,False,keyword_only,
"“Napoleon, Cleopatra and Churchill, sitting around a table, on the table there is a map, digital art, award winning, 4k”",napoleon,0.497562050819397,False,keyword_only,
"futuristic sci-fi brutalist organic architecture wall structure motherboard cpu on the coronation of napoleon painting, on moon, medium size woman walking. unreal engine 5, keyshot, octane, artstation trending, Zaha Hadid style architecture pinterest, Matrix film pinterest color, high contrast pinterest black plastic, dark atmosphere pinterest, black background pinterest, tilt shift.",napoleon,0.26541826128959656,False,keyword_only,
"putin as emperor napoleon in elden ring, splash art, movie still, cinematic lighting, dramatic, octane render, long lens, shallow depth of field, bokeh, anamorphic lens flare, 8 k, hyper detailed, 3 5 mm film grain",napoleon,0.47075825929641724,False,keyword_only,
"sci fi car transport design organic smooth elastic forms 30% of canvas; wall structure in the coronation of napoleon painting 40% of canvas; by Jacques-Louis David, pinterest keyshot product render, cloudy plastic ceramic material shiny gloss water reflections, ultra high detail ultra realism, 4k",napoleon,0.33211550116539,False,keyword_only,
"digital sci-fi oily gloss reflection zaha hadid airport motherboard with organic forms in liquid and oil on the coronation of napoleon painting, on moon with medium size man walking with black background and digital billboard in the middle. unreal engine 5, keyshot, octane, artstation trending, by Zaha Hadid architects, by Matrix film color, high contrast pinterest black plastic, dark atmosphere pinterest tilt shift, 4k, 8k, 16k.",napoleon,0.14522525668144226,False,keyword_only,
"sci-fi motherboard structure on the coronation of napoleon painting and digital billboard in the middle, unreal engine 5, keyshot, octane, artstation trending, ultra high detail, ultra realistic, cinematic, 8k, 16k, in style of zaha hadid, in style of nanospace Michael Menzelincev, in style of Lee SOUDER, colors in style of the Blade Runner 2049, in plastic, dark, tilt shift,",napoleon,0.35421067476272583,False,keyword_only,
"digital sci-fi oily gloss reflection airport motherboard cpu with organic brutalism zaha hadid architecture forms in liquid and oil on the coronation of napoleon painting, on moon with medium size man walking with black background. unreal engine 5, keyshot, octane, artstation trending, by Zaha Hadid architects, by Matrix film color, high contrast pinterest black plastic, dark atmosphere pinterest tilt shift, 4k, 8k, 16k.",napoleon,0.21717281639575958,False,keyword_only,
"sci-fi motherboard structure on the coronation of napoleon painting and digital billboard in the middle, unreal engine 5, keyshot, octane, artstation trending, ultra high detail, ultra realistic, cinematic, 8k, 16k, in style of zaha hadid, in style of nanospace Michael Menzelincev, in style of Lee SOUDER, colors in style of the Blade Runner 2049, in plastic, dark, tilt shift,",napoleon,0.3542107939720154,False,keyword_only,
"digital sci-fi oily gloss reflection airport motherboard wall structure with organic forms in liquid and oil on the coronation of napoleon painting, on moon with medium size man walking with black background. unreal engine 5, keyshot, octane, artstation trending, by Zaha Hadid architects, by Matrix film color, high contrast pinterest black plastic, dark atmosphere pinterest tilt shift, 4k, 8k, 16k.",napoleon,0.21163871884346008,False,keyword_only,
"sci-fi airport from above view motherboard structure on the coronation of napoleon painting and digital billboard in the middle, unreal engine 5, keyshot, octane, artstation trending, ultra high detail, ultra realistic, cinematic, 8k, 16k, in style of zaha hadid, in style of nanospace Michael Menzelincev, in style of Lee SOUDER, colors in style of the Blade Runner 2049, in plastic, dark, tilt shift,",napoleon,0.25350579619407654,False,keyword_only,
"portrait of napoleon goodfellow of everlasting flames, anime fantasy illustration by tomoyuki yamasaki, kyoto studio, madhouse, ufotable, trending on artstation",napoleon,0.45713579654693604,False,keyword_only,
"khyzyl saleem car : medium size: on the coronation of napoleon: in liquid : 7, u, x, y, o graffiti big size forms: Kazimir Malevich big size forms : zaha hadid architecture big size forms: brutalist medium size forms: sci-fi futuristic setting: Ash Thorp car: ultra realistic phtotography, keyshot, unreal engine 5, high reflections oil, liquid high glossy, high specularity, ultra detailed, 4k, 8k, 16k",napoleon,0.29626595973968506,False,keyword_only,
"sci-fi wall structure logotype and car on the coronation of napoleon painting and digital billboard in the middle, unreal engine 5, keyshot, octane, artstation trending, ultra high detail, ultra realistic, cinematic, 8k, 16k, in style of zaha hadid, in plastic, dark, tilt shift,",napoleon,0.39262181520462036,False,keyword_only,
"macron dressed as napoleon, firing a cannon, streets of paris, photography by steve mccurry and david lazar, volumetric lighting, very detailed face, artstation, press, magazine",napoleon,0.4901009798049927,False,keyword_only,
sci-fi : zaha hadid : wall structure : logotype : and car on : the coronation of napoleon : and : digital billboard : in the middle in dark atmosphere : artwork by :Ruan Jia : Sheng Lam :,napoleon,0.42783987522125244,False,keyword_only,
sci-fi car dynamic organic forms structure car 30% size and wall structure in the coronation of napoleon painting by Jacques-Louis David and in the blade runner 2049 film search pinterest keyshot product render 4k in dark plastic,napoleon,0.269217312335968,False,keyword_only,
big pattern noise car sci-fi organic zaha hadid car ash thorp car khyzyl saleem organic car Daniel Simon design formula 1 car airbus design 25% of canvas and wall structure in the coronation of napoleon painting by Jacques-Louis David and in the blade runner 2049 film search pinterest keyshot product render cloudy plastic ceramic material shiny gloss water reflections ultra high detail ultra realism 4k in plastic dark tilt shift,napoleon,0.2501504719257355,False,keyword_only,
Detailed oil painting of napoleon riding a motorbike by Caravaggio,napoleon,0.40523844957351685,False,keyword_only,
"sci-fi motherboard structure on the coronation of napoleon painting and digital billboard in the middle, unreal engine 5, keyshot, octane, artstation trending, ultra high detail, ultra realistic, cinematic, 8k, 16k, in style of zaha hadid, in style of nanospace Michael Menzelincev, in style of Lee SOUDER, colors in style of the Blade Runner 2049, in plastic, dark, tilt shift,",napoleon,0.35421067476272583,False,keyword_only,
sci-fi car zaha hadid wall structure logotype and car on the coronation of napoleon and digital billboard in the middle artwork in style of Ruan Jia Sheng Lam,napoleon,0.36156031489372253,False,keyword_only,
"sci-fi organic brutalism speed dynamic o x u shape wall structure view from above on the coronation of napoleon painting and digital screen billboard in the middle, unreal engine 5, keyshot, octane, artstation trending, ultra high detail, ultra realistic, cinematic, 8k, 16k, in style of zaha hadid, in style of photogrammetry point cloud, in plastic,dark, tilt shift,",napoleon,0.29553186893463135,False,keyword_only,
"futuristic sci-fi brutalist organic architecture wall structure motherboard cpu on the coronation of napoleon painting, on moon, medium size man woman walking. unreal engine 5, keyshot, octane, artstation trending, Zaha Hadid style architecture pinterest, Matrix film pinterest color , volumetric lighting, fantasy, ultra high detail, ultra realistic, high contrast pinterest black plastic, dark atmosphere pinterest, black background pinterest, tilt shift.",napoleon,0.23527361452579498,False,keyword_only,
"sci-fi speed x y u shape wall structure on the coronation of napoleon painting and digital billboard in the middle, unreal engine 5, keyshot, octane, artstation trending, ultra high detail, ultra realistic, cinematic, 8k, 16k, in style of zaha hadid, in style of photogrammetry point cloud, in plastic,dark, tilt shift,",napoleon,0.34871238470077515,False,keyword_only,
"sci-fi 3d organic organic brutalist car and wall structure car, in the coronation of napoleon painting, and digital billboard in the middle. octane render pinterest, keyshot product render, water reflections gloss shiny in luquid",napoleon,0.36694958806037903,False,keyword_only,
"sci-fi organic brutalism speed dynamic o x u data center wall panel on the coronation of napoleon painting and digital billboard in the middle, unreal engine 5, keyshot, octane, artstation trending, ultra high detail, ultra realistic, cinematic, 8k, 16k, in style of zaha hadid, in style of nanospace artstation, in plastic,dark, tilt shift,",napoleon,0.2736241817474365,False,keyword_only,
"car race sci-fi wall structure on the coronation of napoleon painting and digital billboard in the middle, unreal engine 5, keyshot, octane, artstation trending, ultra high detail, ultra realistic, cinematic, 8k, 16k, in style of zaha hadid, in plastic, dark, tilt shift,",napoleon,0.3229565918445587,False,keyword_only,
"a giant squirrel carrying napoleon bonaparte its back, beach scene with flowers and foliage, detailed oil painting",Bonaparte,0.4968394637107849,False,keyword_only,
"Live Action Still of Jerma in Napoleon Dynamite, real life, hyperrealistic, ultra realistic, realistic, highly detailed, epic, HD quality, 8k resolution, body and headshot, film still",napoleon,0.2848207950592041,False,keyword_only,
"sci-fi wall structure on the coronation of napoleon painting on the nanospace Michael Menzelincev artstation painting, unreal engine 5, keyshot, octane, artstation trending, ultra high detail, ultra realistic, cinematic, 8k, 16k, zaha hadid style architecture, matrix film color , high contrast plastic, dark atmosphere, on black background, tilt shift,",napoleon,0.36969947814941406,False,keyword_only,
"car race sci-fi wall structure on the coronation of napoleon painting and digital billboard in the middle, unreal engine 5, keyshot, octane, artstation trending, ultra high detail, ultra realistic, cinematic, 8k, 16k, in style of zaha hadid, in plastic, dark, tilt shift,",napoleon,0.3229564130306244,False,keyword_only,
sci fi organic car zaha hadid 30% of canvas and wall structure in the coronation of napoleon painting by Jacques-Louis David and in the pinterest blade runner 2049 film search pinterest keyshot product render ultra high detail ultra realism 4k in plastic dark tilt shift,napoleon,0.3527006506919861,False,keyword_only,
"sci-fi airport panel tile view from above on the coronation of napoleon painting and digital billboard in the middle, unreal engine 5, keyshot, octane, artstation trending, ultra high detail, ultra realistic, cinematic, 8k, 16k, in style of zaha hadid, colors in style of nanospace Michael Menzelincev, colors in style of the Blade Runner 2049, in plastic, dark, tilt shift,",napoleon,0.2978587746620178,False,keyword_only,
"digital sci-fi oily gloss reflection motherboard cpu with organic brutalism forms in liquid and oil on the coronation of napoleon painting, on moon with medium size man walking with black background. unreal engine 5, keyshot, octane, artstation trending, by Zaha Hadid architects, by Matrix film color, high contrast pinterest black plastic, dark atmosphere pinterest tilt shift, 4k, 8k, 16k.",napoleon,0.2326323390007019,False,keyword_only,
"sci-fi wall structure logotype and car on the coronation of napoleon and digital billboard in the middle, unreal engine 5, keyshot, octane, artstation trending, ultra high detail, ultra realistic, cinematic, 8k, 16k, in style of zaha hadid, in plastic, dark, tilt shift,",napoleon,0.40918847918510437,False,keyword_only,
"the lovechild of paul blart and napoleon dynamite, realistic, hyperrealistic, 8 k resolution, hd quality, very detailed, highly detailed, intricate details, very realistic, trending on artstation, really realistic, very realistic, headshot, head in frame",napoleon,0.30000823736190796,False,keyword_only,
"sci-fi motherboard structure on the coronation of napoleon painting and digital billboard in the middle, unreal engine 5, keyshot, octane, artstation trending, ultra high detail, ultra realistic, cinematic, 8k, 16k, in style of zaha hadid, in style of nanospace Michael Menzelincev, in style of Lee SOUDER, colors in style of the Blade Runner 2049, in plastic, dark, tilt shift,",napoleon,0.3542107939720154,False,keyword_only,
"old wetplate daguerreotype portrait of the birth of a napoleon, explosion of data fragments, fractal, intricate, elegant, highly detailed, parallax, leica, medium format, subsurface scattering, by jheronimus bosch and greg rutkowski and louis jacques mande daguerre",Bonaparte,0.4717658460140228,False,keyword_only,
"futuristic sci-fi architecture wall structure motherboard cpu on the coronation of napoleon painting, on moon, medium size man human walking. unreal engine 5, keyshot, octane, artstation trending, Zaha Hadid style architecture pinterest, Matrix film pinterest color , high contrast pinterest black plastic, dark atmosphere pinterest, black background pinterest, tilt shift.",napoleon,0.29555544257164,False,keyword_only,
"sci-fi wall structure on the coronation of napoleon painting and digital billboard in the middle, unreal engine 5, keyshot, octane, artstation trending, ultra high detail, ultra realistic, cinematic, 8k, 16k, in style of zaha hadid, in plastic, dark, tilt shift,",napoleon,0.4159984886646271,False,keyword_only,
sci-fi cars trucks motorcycles portrait 50% of canvas in center and wall near structure on the coronation of napoleon painting and digital billboard in the middle and everything in style of zaha hadid and suprematism forms unreal engine 5 keyshot octane artstation trending bladerunner 2049 colors lighting ultra high detail ultra photo realistic 8k 16k in plastic dark tilt shift,napoleon,0.3057836890220642,False,keyword_only,
"sci-fi motherboard structure on the coronation of napoleon painting and digital hologram in the middle, unreal engine 5, keyshot, octane, artstation trending, ultra high detail, ultra realistic, cinematic, 8k, 16k, in style of zaha hadid, in style of nanospace Michael Menzelincev artstation, in style of Lee SOUDER artstation, colors in style of Blade Runner 2049, in plastic, dark, tilt shift,",napoleon,0.3131667971611023,False,keyword_only,
"sci-fi organic brutalism speed dynamic o x u wall panel on the coronation of napoleon painting and digital billboard in the middle, unreal engine 5, keyshot, octane, artstation trending, ultra high detail, ultra realistic, cinematic, 8k, 16k, in style of zaha hadid, in style of nanospace artstation, in plastic,dark, tilt shift,",napoleon,0.3035532534122467,False,keyword_only,
"french bulldog riding horse in battle like napoleon, painted by saint - bernard",napoleon,0.44966772198677063,False,keyword_only,
"sci-fi cars wall near structure on the coronation of napoleon painting and digital billboard in the middle, unreal engine 5, keyshot, octane, artstation trending, ultra high detail, ultra realistic, cinematic, 8k, 16k, in style of zaha hadid, in plastic, dark, tilt shift,",napoleon,0.332349956035614,False,keyword_only,
"kanye west as emperor napoleon in elden ring, splash art, movie still, cinematic lighting, dramatic, octane render, long lens, shallow depth of field, bokeh, anamorphic lens flare, 8 k, hyper detailed, 3 5 mm film grain",napoleon,0.43963831663131714,False,keyword_only,
sci-fi car dynamic organic brutalist forms structure car and wall structure in the coronation of napoleon painting by Jacques-Louis David ceramic metal material shiny gloss water reflections search pinterest keyshot product render 4k,napoleonic,0.36017870903015137,False,keyword_only,
sci-fi organic form car 50% of canvas and wall structure in the coronation of napoleon painting by Jacques-Louis David and in the blade runner 2049 film organic architecture forms unreal engine 5 lumen lighting ultra high detail ultra realism 4k in plastic dark tilt shift,napoleon,0.22155660390853882,False,keyword_only,
sci-fi car dynamic organic forms structure car and wall structure in the coronation of napoleon painting by Jacques-Louis David ceramic metal material shiny gloss water reflections search pinterest keyshot product render 4k,napoleonic,0.36086800694465637,False,keyword_only,
"rutalist sci-fi motherboard airport view from above structure on the coronation of napoleon painting and digital billboard point cloud in the middle, unreal engine 5, keyshot, octane, artstation trending, ultra high detail, ultra realistic, cinematic, 8k, 16k, in style of zaha hadid, in style of nanospace, in plastic, dark, tilt shift,",napoleon,0.3122784197330475,False,keyword_only,
"sci-fi wall structure on the coronation of napoleon painting and digital billboard in the middle, unreal engine 5, keyshot, octane, artstation trending, ultra high detail, ultra realistic, cinematic, 8k, 16k, in style of zaha hadid, in style of nanospace artstation, in style of photogrammetry cloud, in plastic, dark, tilt shift,",napoleon,0.3699246048927307,False,keyword_only,
"sci-fi motherboard structure on the coronation of napoleon painting and digital billboard in the middle, unreal engine 5, keyshot, octane, artstation trending, ultra high detail, ultra realistic, cinematic, 8k, 16k, in style of zaha hadid, in style of nanospace Michael Menzelincev, in style of Lee SOUDER, colors in style of the Blade Runner 2049, in plastic, dark, tilt shift,",napoleon,0.35421067476272583,False,keyword_only,
"khyzyl saleem car : medium size: in the coronation of napoleon ceremony presentation: in liquid : 7, u, x, y, o graffiti big size forms: Kazimir Malevich big size forms : zaha hadid architecture big size forms: brutalist medium size forms: sci-fi futuristic setting: Ash Thorp car: ultra realistic phtotography, keyshot, unreal engine 5, high reflections oil, liquid high glossy, high specularity, ultra detailed, 4k, 8k, 16k",napoleon,0.2889806926250458,False,keyword_only,
"a giant fluffy squirrel carrying napoleon bonaparte on its back, beach scene with flowers and foliage, detailed oil painting",Bonaparte,0.48486092686653137,False,keyword_only,
sci-fi car and wall structure in the coronation of napoleon painting by Jacques-Louis David in the blade runner 2049 film and point cloud in the middle and everything in form of zaha hadid architects artwork by caravaggio unreal engine 5 keyshot octane lighting ultra high detail ultra hyper realism 8k 16k in plastic dark tilt shift full-length view,napoleon,0.30060338973999023,False,keyword_only,
sci-fi organic zaha hadid car 30% of canvas and wall structure in the coronation of napoleon painting by Jacques-Louis David and in the blade runner 2049 film search pinterest keyshot product render 4k in dark plastic,napoleon,0.3931339979171753,False,keyword_only,
"futuristic sci-fi organic airport architecture motherboard cpu on the coronation of napoleon painting, on moon with medium size woman walking with black background. unreal engine 5, keyshot, octane, artstation trending, Zaha Hadid style architecture pinterest, Matrix film pinterest color, high contrast pinterest black plastic, dark atmosphere pinterest tilt shift.",napoleon,0.2882336378097534,False,keyword_only,
"sci-fi wall structure on the coronation of napoleon painting and digital billboard in the middle, unreal engine 5, keyshot, octane, artstation trending, ultra high detail, ultra realistic, cinematic, 8k, 16k, in style of zaha hadid, in plastic, dark, tilt shift,",napoleon,0.4159984886646271,False,keyword_only,
"car Ash Thorp khyzyl saleem car : medium size: on the coronation of napoleon: in oil liquid : 7, u, x, y, o graffiti big size forms: Kazimir Malevich big size forms : zaha hadid architecture big size forms: brutalist medium size forms: sci-fi futuristic setting: ultra realistic phtotography, keyshot, unreal engine 5, high reflections oil, liquid high glossy, high specularity, ultra detailed, 4k, 8k, 16k",napoleon,0.3441597819328308,False,keyword_only,
"oil painting of hegel on foot in a street in jena greeting napoleon on horseback as incarnation of the world spirit, realist painting, gustave courbet, jules bastien - lepage, incredible detail, natural light",napoleon,0.4271082878112793,False,keyword_only,
sci fi organic car zaha hadid 30% of canvas and wall structure in the coronation of napoleon painting by Jacques-Louis David and in the pinterest blade runner 2049 film search pinterest keyshot product render ultra high detail ultra realism 4k in plastic dark tilt shift,napoleon,0.3527006506919861,False,keyword_only,
"sci-fi 3d car and wall structure car, in the coronation of napoleon painting, and digital billboard in the middle. in style of zaha hadid. octane render pinterest, keyshot product render, water reflections gloss shiny in luquid. 4k, 8k, 16k, tilt shift",napoleon,0.4063480496406555,False,keyword_only,
"digital sci-fi oily gloss reflection zaha hadid airport motherboard with organic forms in liquid and oil on the coronation of napoleon painting, on moon with medium size man walking with black background and digital billboard in the middle. unreal engine 5, keyshot, octane, artstation trending, by Zaha Hadid architects, by Matrix film color, high contrast pinterest black plastic, dark atmosphere pinterest tilt shift, 4k, 8k, 16k.",napoleon,0.14522525668144226,False,keyword_only,
"Live Action Still of Jerma in Napoleon Dynamite, real life, hyperrealistic, ultra realistic, realistic, highly detailed, epic, HD quality, 8k resolution, body and headshot, film still",napoleon,0.2848207950592041,False,keyword_only,
"Portrait of Kanye West as Emperor Napoleon in Fallout New Vegas, splash art, movie still, cinematic lighting, dramatic, octane render, long lens, shallow depth of field, bokeh, anamorphic lens flare, 8k, hyper detailed, 35mm film grain",napoleon,0.4893414080142975,False,keyword_only,
sci-fi organic form car and wall structure in the coronation of napoleon painting by Jacques-Louis David in the blade runner 2049 film organic architecture forms artwork by caravaggio unreal engine 5 keyshot octane lighting ultra high detail ultra hyper realism 8k 16k in plastic dark tilt shift full-length view,napoleon,0.2841876149177551,False,keyword_only,
"sci-fi wall structure on the coronation of napoleon painting and photogrammetry point cloud digital billboard in the middle, unreal engine 5, keyshot, octane, artstation trending, ultra high detail, ultra realistic, cinematic, 8k, 16k, in style of zaha hadid, in style of nanospace Michael Menzelincev, in style of Dima Goryainov artstation, in style of Blade Runner 2049 lighting, in style of Ghost in the Shell lighting, in style of cyberpunk 2077 website, in plastic, dark, tilt shift,",napoleon,0.4382342994213104,False,keyword_only,
"sci-fi wall structure shape on the coronation of napoleon painting and digital billboard in the middle, unreal engine 5, keyshot, octane, artstation trending, ultra high detail, ultra realistic, cinematic, 8k, 16k, in style of zaha hadid, in style of nanospace Michael Menzelincev, in style of Lee SOUDER, colors in style of the Blade Runner 2049, in plastic, dark, tilt shift,",napoleon,0.3746751844882965,False,keyword_only,
"5 images of dream futuristic architecture wall structure motherboard on the coronation of napoleon painting, on moon, small character. unreal engine 5, keyshot, octane, artstation trending, 8k, 16k, Zaha Hadid style architecture pinterest, Matrix film pinterest color , high contrast pinterest black plastic, dark atmosphere pinterest, black background pinterest, tilt shift.",napoleon,0.3078908622264862,False,keyword_only,
"khyzyl saleem car : medium size: on the coronation of napoleon: in oil liquid reflections : 7, u, x, y, o graffiti big size forms: Kazimir Malevich big size forms : zaha hadid architecture big size forms: brutalist medium size forms: sci-fi futuristic setting: Ash Thorp car: ultra realistic phtotography, keyshot, unreal engine 5, high reflections oil, liquid high glossy, high specularity, ultra detailed, 4k, 8k, 16k",napoleon,0.28192946314811707,False,keyword_only,
"view from above large sci-fi airport on the coronation of napoleon painting and digital space stars billboard in the middle, unreal engine 5, keyshot, octane, artstation trending, ultra high detail, ultra realistic, cinematic, 8k, 16k, in style of zaha hadid, in style of nanospace Michael Menzelincev, in style of Lee SOUDER, in style of photogrammetry cloud, in style of Piotr Jabłoński, in plastic, dark, tilt shift,",napoleon,0.3497852385044098,False,keyword_only,
sci-fi organic zaha hadid car 30% of canvas and wall structure in the coronation of napoleon painting by Jacques-Louis David and in the blade runner 2049 film search pinterest keyshot product render ultra high detail ultra realism 4k in plastic dark tilt shift,napoleon,0.3840155005455017,False,keyword_only,
"a giant squirrel carrying napoleon!!! on its back, beach scene with flowers and foliage, detailed oil painting",napoleon,0.4597315192222595,False,keyword_only,
"sci-fi organic brutalism speed dynamic o x u wall panel on the coronation of napoleon painting and digital billboard in the middle, unreal engine 5, keyshot, octane, artstation trending, ultra high detail, ultra realistic, cinematic, 8k, 16k, in style of zaha hadid, in style of nanospace artstation, in plastic,dark, tilt shift,",napoleon,0.3035532534122467,False,keyword_only,
"sci-fi organic brutalism speed dynamic o x u data center wall panel on the coronation of napoleon painting and digital billboard in the middle, unreal engine 5, keyshot, octane, artstation trending, ultra high detail, ultra realistic, cinematic, 8k, 16k, in style of zaha hadid, in style of nanospace artstation, in plastic,dark, tilt shift,",napoleon,0.2736241817474365,False,keyword_only,
"sci-fi wall structure on the coronation of napoleon painting and digital billboard in the middle, unreal engine 5, keyshot, octane, artstation trending, ultra high detail, ultra realistic, cinematic, 8k, 16k, in style of zaha hadid, in plastic, dark, tilt shift,",napoleon,0.4159984886646271,False,keyword_only,
"sci-fi wall structure logotype and car on the coronation of napoleon painting and digital billboard in the middle, unreal engine 5, keyshot, octane, artstation trending, ultra high detail, ultra realistic, cinematic, 8k, 16k, in style of zaha hadid, in plastic, dark, tilt shift,",napoleon,0.3926217257976532,False,keyword_only,
"5 images of dream futuristic architecture wall structure motherboard on the coronation of napoleon painting, on moon, small character. unreal engine 5, keyshot, octane, artstation trending, 8k, 16k, Zaha Hadid style architecture pinterest, Matrix film pinterest color , high contrast pinterest black plastic, dark atmosphere pinterest, black background pinterest, tilt shift.",napoleon,0.3078908622264862,False,keyword_only,
"sci-fi wall structure on the coronation of napoleon painting and digital billboard in the middle, unreal engine 5, keyshot, octane, artstation trending, ultra high detail, ultra realistic, cinematic, 8k, 16k, in style of zaha hadid, in style of nanospace artstation, in style of photogrammetry cloud, in plastic, dark, tilt shift,",napoleon,0.3699246048927307,False,keyword_only,
"sci-fi organic brutalism speed dynamic o x u knight helmet on the coronation of napoleon painting and digital screen billboard in the middle, unreal engine 5, keyshot, octane, artstation trending, ultra high detail, ultra realistic, cinematic, 8k, 16k, in style of zaha hadid, in style of nanospace artstation, in plastic,dark, tilt shift,",napoleonic,0.307661235332489,False,keyword_only,
sci-fi cars trucks motorcycles 50% of canvas on the coronation of napoleon and digital billboard photogrammetry point cloud in the middle and everything in style of zaha hadid and suprematism forms unreal engine 5 keyshot octane artstation trending blade runner 2049 colors lighting ultra high detail ultra photo realistic 8k 16k in plastic dark tilt shift,napoleon,0.3096284866333008,False,keyword_only,
sci-fi cars trucks motorcycles 50% of canvas on the coronation of napoleon painting and digital billboard photogrammetry point cloud in the middle and everything in style of zaha hadid and suprematism forms unreal engine 5 keyshot octane artstation trending blade runner 2049 colors lighting ultra high detail ultra photo realistic 8k 16k in plastic dark tilt shift,napoleon,0.30395063757896423,False,keyword_only,
"khyzyl saleem car : medium size: on the coronation of napoleon: in oil liquid reflections : 7, u, x, y, o graffiti big size forms: Kazimir Malevich big size forms :  zaha hadid architecture big size forms: brutalist medium size forms: sci-fi futuristic setting: Ash Thorp car: ultra realistic phtotography, keyshot, unreal engine 5, high reflections oil, liquid high glossy, high specularity, ultra detailed, 4k, 8k, 16k",napoleon,0.28192946314811707,False,keyword_only,
"sci-fi motherboard structure on the coronation of napoleon painting and digital billboard in the middle, unreal engine 5, keyshot, octane, artstation trending, ultra high detail, ultra realistic, cinematic, 8k, 16k, in style of zaha hadid, in style of nanospace Michael Menzelincev artstation, in style of Lee SOUDER artstation, colors in style of Blade Runner 2049, in plastic, dark, tilt shift,",napoleon,0.3371201753616333,False,keyword_only,
"sci-fi wall structure on the coronation of napoleon painting and photogrammetry point cloud digital billboard in the middle, unreal engine 5, keyshot, octane, artstation trending, ultra high detail, ultra realistic, cinematic, 8k, 16k, in style of zaha hadid, colors in style of nanospace Michael Menzelincev, colors in style of the Blade Runner 2049, in plastic, dark, tilt shift,",napoleon,0.4394410252571106,False,keyword_only,
"sci-fi airport panel tile view from above on the coronation of napoleon painting and photogrammetry point cloud digital billboard in the middle, unreal engine 5, keyshot, octane, artstation trending, ultra high detail, ultra realistic, cinematic, 8k, 16k, in style of zaha hadid, colors in style of nanospace Michael Menzelincev, colors in style of the Blade Runner 2049, in plastic, dark, tilt shift,",napoleon,0.2877058982849121,False,keyword_only,
"sci-fi wall structure on the coronation of napoleon painting on the nanospace Michael Menzelincev artstation painting on moon, unreal engine 5, keyshot, octane, artstation trending, ultra high detail, ultra realistic, cinematic pinterest style, 8k, 16k, zaha hadid style architecture, matrix film color , high contrast pinterest plastic, dark atmosphere pinteres, on black background pinterest, volumetric lighting pinterest, tilt shift,",napoleon,0.33283865451812744,False,keyword_only,
sci-fi organic brutalist car and wall structure in the coronation of napoleon painting by Jacques-Louis David in the blade runner 2049 film organic architecture forms artwork by caravaggio unreal engine 5 keyshot octane lighting ultra high detail ultra hyper realism 8k 16k in plastic dark tilt shift full-length view,napoleon,0.3034922480583191,False,keyword_only,
"sci-fi motherboard structure on the coronation of napoleon painting and digital billboard in the middle, unreal engine 5, keyshot, octane, artstation trending, ultra high detail, ultra realistic, cinematic, 8k, 16k, in style of zaha hadid, in style of nanospace Michael Menzelincev, in style of Lee SOUDER, colors in style of the Blade Runner 2049, in plastic, dark, tilt shift,",napoleon,0.35421067476272583,False,keyword_only,
"sci-fi wall structure on the coronation of napoleon painting and digital billboard in the middle, unreal engine 5, keyshot, octane, artstation trending, ultra high detail, ultra realistic, cinematic, 8k, 16k, in style of zaha hadid, in style of nanospace artstation, in style of photogrammetry cloud, in plastic, dark, tilt shift,",napoleon,0.3699246048927307,False,keyword_only,
"sci-fi cars and wall near structure on the coronation of napoleon painting : and digital billboard in the middle and everything in style of zaha hadid and suprematism forms, unreal engine 5, keyshot, octane, artstation trending, ultra high detail, ultra photo realistic, 8k, 16k, in plastic, dark, tilt shift,",napoleon,0.3981629014015198,False,keyword_only,
"car Ash Thorp khyzyl saleem car on the coronation of napoleon : medium size : in oil liquid, organic architecture small size forms structure : 7, u, x, y, o medium size forms: Kazimir Malevich forms :  zaha hadid architecture forms: brutalist medium size forms: keyshot, unreal engine 5, high reflections oil, liquid high glossy, high specularity, ultra detailed, 4k, 8k, 16k",napoleonic,0.48488861322402954,False,keyword_only,
"digital sci-fi oily gloss reflection airport motherboard wall structure with organic forms in liquid and oil on the coronation of napoleon painting, on moon with medium size man walking with black background and digital billboard in the middle. unreal engine 5, keyshot, octane, artstation trending, by Zaha Hadid architects, by Matrix film color, high contrast pinterest black plastic, dark atmosphere pinterest tilt shift, 4k, 8k, 16k.",napoleon,0.19557735323905945,False,keyword_only,
sci-fi cars trucks motorcycles 50% of canvas in center and wall near structure on the coronation of napoleon and digital billboard photogrammetry point cloud in the middle and everything in style of zaha hadid and suprematism forms unreal engine 5 keyshot octane artstation trending blade runner 2049 colors lighting ultra high detail ultra photo realistic 8k 16k in plastic dark tilt shift,napoleon,0.319466233253479,False,keyword_only,
"sci-fi wall structure architecture plan on the coronation of napoleon painting and photogrammetry point cloud digital billboard in the middle, unreal engine 5, keyshot, octane, artstation trending, ultra high detail, ultra realistic, cinematic, 8k, 16k, in style of zaha hadid, colors in style of nanospace Michael Menzelincev, colors in style of the Blade Runner 2049, in plastic, dark, tilt shift,",napoleon,0.41841837763786316,False,keyword_only,
"sci-fi wall structure on the coronation of napoleon painting and photogrammetry point cloud digital billboard in the middle, unreal engine 5, keyshot, octane, artstation trending, ultra high detail, ultra realistic, cinematic, 8k, 16k, in style of zaha hadid, in style of nanospace Michael Menzelincev, lighting in style of the Blade Runner 2049, in plastic, dark, tilt shift,",napoleon,0.4256811738014221,False,keyword_only,
"Live Action Still of Jerma in Napoleon Dynamite, real life, hyperrealistic, ultra realistic, realistic, highly detailed, epic, HD quality, 8k resolution, body and headshot, film still",napoleon,0.2848207950592041,False,keyword_only,
"futuristic sci-fi architecture wall structure motherboard cpu on the coronation of napoleon painting, on moon, small character. unreal engine 5, keyshot, octane, artstation trending, 8k, 16k, Zaha Hadid style architecture pinterest, Matrix film pinterest color , high contrast pinterest black plastic, dark atmosphere pinterest, black background pinterest, tilt shift.",napoleon,0.34919261932373047,False,keyword_only,
"sci-fi motherboard structure on the coronation of napoleon painting and digital billboard in the middle, unreal engine 5, keyshot, octane, artstation trending, ultra high detail, ultra realistic, cinematic, 8k, 16k, in style of zaha hadid, in style of nanospace Michael Menzelincev, in style of Lee SOUDER, colors in style of the Blade Runner 2049, in plastic, dark, tilt shift,",napoleon,0.35421067476272583,False,keyword_only,
"khyzyl saleem car : medium size: on the coronation of napoleon: in liquid : 7, u, x, y, o graffiti big size forms: Kazimir Malevich big size forms : zaha hadid architecture big size forms: brutalist medium size forms: sci-fi futuristic setting: Ash Thorp car: ultra realistic phtotography, keyshot, unreal engine 5, high reflections oil, liquid high glossy, high specularity, ultra detailed, 4k, 8k, 16k",napoleon,0.29626595973968506,False,keyword_only,
sci-fi organic form car and wall structure in the coronation of napoleon painting by Jacques-Louis David in the blade runner 2049 film organic architecture forms artwork by caravaggio unreal engine 5 keyshot octane lighting ultra high detail ultra hyper realism 8k 16k in plastic dark tilt shift full-length view,napoleon,0.2841876149177551,False,keyword_only,
sci fi car zaha hadid 20% of canvas and wall structure in the coronation of napoleon painting by Jacques-Louis David search pinterest keyshot product render ultra high detail ultra realism 4k in plastic dark tilt shift,napoleon,0.46236586570739746,False,keyword_only,
"portrait painting by jeremy mann, head and shoulders portrait of zayn malik with black angel wings and elf ears by jeremy mann, wearing leather napoleonic military style jacket, pointy ears, large black wings background, black wings, black angel wings",napoleon,0.26526445150375366,False,keyword_only,
"sci-fi speed x y u shape wall structure on the coronation of napoleon painting and digital billboard in the middle, unreal engine 5, keyshot, octane, artstation trending, ultra high detail, ultra realistic, cinematic, 8k, 16k, in style of zaha hadid, in style of photogrammetry point cloud, in plastic,dark, tilt shift,",napoleon,0.34871238470077515,False,keyword_only,
sci-fi cars trucks motorcycles 50% of canvas in center and wall near structure on the coronation of napoleon painting and digital billboard in the middle and everything in style of zaha hadid and suprematism forms unreal engine 5 keyshot octane artstation trending bladerunner 2049 colors lighting ultra high detail ultra photo realistic 8k 16k in plastic dark tilt shift,napoleon,0.30061328411102295,False,keyword_only,
"sci-fi brutalist airport view from above structure on the coronation of napoleon painting and digital billboard point cloud in the middle, unreal engine 5, keyshot, octane, artstation trending, ultra high detail, ultra realistic, cinematic, 8k, 16k, in style of zaha hadid, in style of nanospace, colors in style of the Blade Runner 2049, in plastic, dark, tilt shift,",napoleon,0.3113117218017578,False,keyword_only,
sci-fi organic car zaha hadid 30% of canvas and wall structure in the coronation of napoleon painting by Jacques-Louis David and in the pinterest blade runner 2049 film search pinterest keyshot product render ultra high detail ultra realism 4k in plastic dark tilt shift,napoleon,0.3614674210548401,False,keyword_only,
"Portrait of Kanye West as Emperor Napoleon in Skyrim, splash art, movie still, cinematic lighting, dramatic, octane render, long lens, shallow depth of field, bokeh, anamorphic lens flare, 8k, hyper detailed, 35mm film grain",napoleon,0.4520348906517029,False,keyword_only,
"sci-fi wall structure on the coronation of napoleon painting and photogrammetry point cloud digital billboard in the middle, unreal engine 5, keyshot, octane, artstation trending, ultra high detail, ultra realistic, cinematic, 8k, 16k, in style of zaha hadid, colors in style of nanospace Michael Menzelincev, colors in style of the Blade Runner 2049, in plastic, dark, tilt shift,",napoleon,0.4394410252571106,False,keyword_only,
"head and shoulders portrait painting of young man who looks like zayn malik as an elf by jeremy mann, wearing leather napoleonic military style jacket, only one head single portrait, pointy ears, black background, soft top lighting, dark and moody, shadowed, contrast",napoleon,0.3192972242832184,False,keyword_only,
a rabbit dressed as a napoleonic officer,napoleonic,0.4798939526081085,False,keyword_only,
"kanye west as kadhafi and emperor napoleon in gears of war, splash art, movie still, cinematic lighting, dramatic, octane render, long lens, shallow depth of field, bokeh, anamorphic lens flare, 8 k, hyper detailed, 3 5 mm film grain",napoleon,0.3270238935947418,False,keyword_only,
sci-fi car dynamic organic forms structure car and wall structure in the coronation of napoleon painting by Jacques-Louis David ceramic cloudy plastic material shiny gloss water reflections search pinterest keyshot product render 4k,napoleonic,0.354751855134964,False,keyword_only,
"sci-fi crate structure panel on the coronation of napoleon painting and digital hologram in the middle, unreal engine 5, keyshot, octane, artstation trending, ultra high detail, ultra realistic, cinematic, 8k, 16k, in style of zaha hadid, colors in style of nanospace Michael Menzelincev, colors in style of the Blade Runner 2049, in plastic, dark, tilt shift,",napoleonic,0.3521764576435089,False,keyword_only,
sci-fi organic form car and wall structure in the coronation of napoleon painting by Jacques-Louis David in the blade runner 2049 film and point cloud small digital billboard organic architecture forms artwork by caravaggio unreal engine 5 keyshot octane lighting ultra high detail ultra hyper realism 8k 16k in plastic dark tilt shift full-length view,napoleon,0.2730133831501007,False,keyword_only,
"sci-fi wall structure on the coronation of napoleon painting and photogrammetry point cloud digital billboard in the middle, unreal engine 5, keyshot, octane, artstation trending, ultra high detail, ultra realistic, cinematic, 8k, 16k, in style of zaha hadid, colors in style of nanospace Michael Menzelincev, colors in style of the Blade Runner 2049, in plastic, dark, tilt shift,",napoleon,0.4394410252571106,False,keyword_only,
"sci-fi race : near wall structure on : the coronation of napoleon painting : and digital billboard in the middle, in style of zaha hadid, suprematism composition, unreal engine 5, keyshot, octane, artstation trending, in lighting of blade runner 2049, ultra high detail, ultra photo realistic, 8k, 16k, in plastic, dark, tilt shift,",napoleon,0.37465816736221313,False,keyword_only,
"Kanye West as Emperor Napoleon in Gears of War, splash art, movie still, cinematic lighting, dramatic, octane render, long lens, shallow depth of field, bokeh, anamorphic lens flare, 8k, hyper detailed, 35mm film grain",napoleon,0.3595317602157593,False,keyword_only,
"head and shoulders portrait painting of young man who looks like zayn malik as an elf by jeremy mann, wearing leather napoleonic military style jacket, only one head single portrait, pointy ears",napoleon,0.3395231068134308,False,keyword_only,
"sci-fi motherboard structure on the coronation of napoleon painting and digital billboard in the middle, unreal engine 5, keyshot, octane, artstation trending, ultra high detail, ultra realistic, cinematic, 8k, 16k, in style of zaha hadid, in style of nanospace Michael Menzelincev, in style of Lee SOUDER, colors in style of the Blade Runner 2049, in plastic, dark, tilt shift,",napoleon,0.35421067476272583,False,keyword_only,
"sci-fi wall structure on the coronation of napoleon painting and digital billboard in the middle, unreal engine 5, keyshot, octane, artstation trending, ultra high detail, ultra realistic, cinematic, 8k, 16k, in style of zaha hadid, in plastic, dark, tilt shift,",napoleon,0.4159984886646271,False,keyword_only,
"portrait of a pug dressed in napoleonic uniform with tricorn hat dark background, studio light, hdr, nikon 2 4 mm f / 1. 8 g, by sebastiao salgado",napoleonic,0.4912501871585846,False,keyword_only,
"khyzyl saleem car : medium size: on the coronation of napoleon: in liquid : 7, u, x, y, o graffiti big size forms: Kazimir Malevich big size forms : zaha hadid architecture big size forms: brutalist medium size forms: sci-fi futuristic setting: Ash Thorp car: ultra realistic phtotography, keyshot, unreal engine 5, high reflections oil, liquid high glossy, high specularity, ultra detailed, 4k, 8k, 16k",napoleon,0.29626595973968506,False,keyword_only,
"digital sci-fi oily gloss reflection airport motherboard organic brutalist forms wall structure in liquid and oil on the coronation of napoleon painting, on moon with medium size man walking with black background and digital billboard in the middle. unreal engine 5, keyshot, octane, artstation trending, by Zaha Hadid architects, by Matrix film color, high contrast pinterest black plastic, dark atmosphere pinterest tilt shift, 4k, 8k, 16k.",napoleon,0.17717215418815613,False,keyword_only,
"sci-fi wall panel structure on the coronation of napoleon painting, point cloud in the middle, unreal engine 5, keyshot, octane, artstation trending, ultra high detail, ultra realistic, cinematic, 8k, 16k, in style of zaha hadid, in style of nanospace, colors in style of the Blade Runner 2049, in plastic, dark, tilt shift,",napoleon,0.40865540504455566,False,keyword_only,
"khyzyl saleem car : medium size: in the coronation of napoleon ceremony: in liquid : 7, u, x, y, o graffiti big size forms: motherboard medium size forms : Kazimir Malevich big size forms : zaha hadid architecture big size forms: brutalist medium size forms: sci-fi futuristic setting: Ash Thorp car: ultra realistic phtotography, keyshot, unreal engine 5, high reflections oil, liquid high glossy, high specularity, ultra detailed, 4k, 8k, 16k",napoleon,0.2817299962043762,False,keyword_only,
"slash as emperor napoleon in elden ring, splash art, movie still, cinematic lighting, dramatic, octane render, long lens, shallow depth of field, bokeh, anamorphic lens flare, 8 k, hyper detailed, 3 5 mm film grain",napoleon,0.38703304529190063,False,keyword_only,
"digital sci-fi oily gloss reflection zaha hadid airport motherboard with organic forms in liquid and oil on the coronation of napoleon painting, on moon with medium size man walking with black background and digital billboard in the middle. unreal engine 5, keyshot, octane, artstation trending, by Zaha Hadid architects, by Matrix film color, high contrast pinterest black plastic, dark atmosphere pinterest tilt shift, 4k, 8k, 16k.",napoleon,0.14522525668144226,False,keyword_only,
"detailed closeup portrait of napoleon dynamite by alphonse mucha, ayami kojima, yoshitaka amano",napoleon,0.43650421500205994,False,keyword_only,
sci-fi range rover and wall structure in the coronation of napoleon painting by Jacques-Louis David in the blade runner 2049 film and point cloud in the middle and everything in form of zaha hadid architects artwork by caravaggio unreal engine 5 keyshot octane lighting ultra high detail ultra hyper realism 8k 16k in plastic dark tilt shift full-length view,napoleon,0.25931936502456665,False,keyword_only,
"sci-fi cars : wall near structure on : the coronation of napoleon painting : and digital billboard in the middle, in style of zaha hadid, suprematism composition, unreal engine 5, keyshot, octane, artstation trending, ultra high detail, ultra photo realistic, 8k, 16k, in plastic, dark, tilt shift,",napoleon,0.34987330436706543,False,keyword_only,
portrait of mr. bean as napoleon by becky cloonan,napoleon,0.47239598631858826,False,keyword_only,
"sci-fi wall structure on the coronation of napoleon painting and digital billboard in the middle, unreal engine 5, keyshot, octane, artstation trending, ultra high detail, ultra realistic, cinematic, 8k, 16k, in style of zaha hadid, in plastic, dark, tilt shift,",napoleon,0.41599854826927185,False,keyword_only,
"macron dressed as napoleon, firing a cannon, streets of paris, photography by steve mccurry and david lazar, volumetric lighting, very detailed face, artstation, press, magazine",napoleon,0.4901009798049927,False,keyword_only,
"sci-fi airport from above view motherboard structure on the coronation of napoleon painting and digital billboard in the middle, unreal engine 5, keyshot, octane, artstation trending, ultra high detail, ultra realistic, cinematic, 8k, 16k, in style of zaha hadid, in style of nanospace Michael Menzelincev, in style of Lee SOUDER, colors in style of the Blade Runner 2049, in plastic, dark, tilt shift,",napoleon,0.25350600481033325,False,keyword_only,
"khyzyl saleem car : medium size: in the coronation of napoleon  ceremony: in liquid : 7, u, x, y, o graffiti big size forms: Kazimir Malevich big size forms :  zaha hadid architecture big size forms: brutalist medium size forms: sci-fi futuristic setting: Ash Thorp car: ultra realistic phtotography, keyshot, unreal engine 5, high reflections oil, liquid high glossy, high specularity, ultra detailed, 4k, 8k, 16k",napoleon,0.28552284836769104,False,keyword_only,
Napoleon at the Saint-Bernard Pass by Jacques-Louis David with Gollum face,napoleon,0.48018619418144226,False,keyword_only,
sci-fi cars trucks motorcycles full lenght baroque on the coronation of napoleon and digital billboard photogrammetry point cloud in the middle and everything in style of zaha hadid and suprematism and cyberpunk 2077 forms artwork by caravaggio unreal engine 5 keyshot octane artstation trending blade runner 2049 colors lighting ultra high detail ultra hyper realism 8k 16k in plastic dark tilt shift full-length view,napoleon,0.3452126085758209,False,keyword_only,
full lenght sci-fi truck in the coronation of napoleon painting by Jacques-Louis David and point cloud in the middle and everything in form of zaha hadid architects artwork by caravaggio unreal engine 5 keyshot octane lighting ultra high detail ultra hyper realism 8k 16k in plastic dark tilt shift full-length view,napoleon,0.33775854110717773,False,keyword_only,
"sci-fi wall structure on the coronation of napoleon painting and digital billboard in the middle, unreal engine 5, keyshot, octane, artstation trending, ultra high detail, ultra realistic, cinematic, 8k, 16k, in style of zaha hadid, in style of nanospace artstation, in style of photogrammetry cloud, in plastic, dark, tilt shift,",napoleon,0.3699246048927307,False,keyword_only,
"sci-fi cars race : near wall structure on : the coronation of napoleon painting : and digital billboard in the middle, in style of zaha hadid, suprematism composition, unreal engine 5, keyshot, octane, artstation trending, in lighting of blade runner 2049, ultra high detail, ultra photo realistic, 8k, 16k, in plastic, dark, tilt shift,",napoleon,0.3444962501525879,False,keyword_only,
"highly detailed surreal vfx portrait of napoleonic wars, stephen bliss, unreal engine, greg rutkowski, loish, rhads, beeple, makoto shinkai and lois van baarle, ilya kuvshinov, rossdraws, tom bagshaw, global illumination, detailed and intricate environment",napoleonic,0.4833207130432129,False,keyword_only,
"sci-fi wall structure logotype and car on the coronation of napoleon painting and digital billboard in the middle, unreal engine 5, keyshot, octane, artstation trending, ultra high detail, ultra realistic, cinematic, 8k, 16k, in style of zaha hadid, in plastic, dark, tilt shift,",napoleon,0.3926217257976532,False,keyword_only,
a rabbit dressed as a napoleonic officer,napoleonic,0.4798939526081085,False,keyword_only,
"1990s Hi-8 footage of Napoleon conducting at the Sydney Opera House, candid wide photograph, 18mm",napoleon,0.49178174138069153,False,keyword_only,
full lenght sci-fi cars in the coronation of napoleon painting by Jacques-Louis David and point cloud in the middle and everything in form of zaha hadid architects artwork by caravaggio unreal engine 5 keyshot octane lighting ultra high detail ultra hyper realism 8k 16k in plastic dark tilt shift full-length view,napoleon,0.3897765278816223,False,keyword_only,
"head and shoulders portrait painting of young man who looks like zayn malik as an elf by jeremy mann, wearing leather napoleonic military style jacket, only one head single portrait, pointy ears",napoleon,0.3395231068134308,False,keyword_only,
sci-fi organic form full-lenght car and wall structure in the coronation of napoleon painting by Jacques-Louis David in the blade runner 2049 film organic architecture forms artwork by caravaggio unreal engine 5 keyshot octane lighting ultra high detail ultra hyper realism 8k 16k in plastic dark tilt shift full-length view,napoleonic,0.2883024215698242,False,keyword_only,
"sci-fi sport car formula 1 hatchback transport design organic smooth elastic forms on the front background digital billboard with point cloud in the coronation of napoleon painting by Jacques-Louis David, pinterest keyshot product render, dark black cloudy plastic ceramic material shiny gloss water reflections specularity, contrast lighting ultra high detail ultra realism, 4k",napoleonic,0.3676868677139282,False,keyword_only,
"portrait painting of zayn malik as an elf by jeremy mann, wearing leather napoleonic military style jacket, only one head single portrait, pointy ears",napoleon,0.3262140452861786,False,keyword_only,
"khyzyl saleem car : medium size: on the coronation of napoleon: in oil liquid : 7, u, x, y, o graffiti big size forms: Kazimir Malevich big size forms :  zaha hadid architecture big size forms: brutalist medium size forms: sci-fi futuristic setting: Ash Thorp car: ultra realistic phtotography, keyshot, unreal engine 5, high reflections oil, liquid high glossy, high specularity, ultra detailed, 4k, 8k, 16k",napoleon,0.29494160413742065,False,keyword_only,
full lenght sci-fi cars in the coronation of napoleon painting by Jacques-Louis David in the blade runner 2049 film and point cloud in the middle and everything in form of zaha hadid architects artwork by caravaggio unreal engine 5 keyshot octane lighting ultra high detail ultra hyper realism 8k 16k in plastic dark tilt shift full-length view,napoleon,0.2752889394760132,False,keyword_only,
sci-fi 3d car and wall structure car on the coronation of napoleon painting and digital billboard in the middle trending on artstation octane render pinterest keyshot product render pinterest reflections gloss shiny,napoleon,0.4502731263637543,False,keyword_only,
sci-fi organic zaha hadid car 30% of canvas and wall structure in the coronation of napoleon painting by Jacques-Louis David and in the blade runner 2049 film search pinterest keyshot product render ultra high detail ultra realism 4k in plastic dark tilt shift,napoleon,0.3840155005455017,False,keyword_only,
"Portrait of Kanye West as emperor napoleon, splash art, cinematic lighting, dramatic, octane render, long lens, shallow depth of field, bokeh, anamorphic lens flare, 8k, hyper detailed, 35mm film grain",napoleon,0.4653315544128418,False,keyword_only,
"sci-fi airport panel tile view from above on the coronation of napoleon painting and photogrammetry point cloud digital billboard in the middle, unreal engine 5, keyshot, octane, artstation trending, ultra high detail, ultra realistic, cinematic, 8k, 16k, in style of zaha hadid, colors in style of nanospace Michael Menzelincev, colors in style of the Blade Runner 2049, in plastic, dark, tilt shift,",napoleon,0.2877058982849121,False,keyword_only,
"sci-fi 3d organic organic brutalist car and wall structure car, in the coronation of napoleon painting, and digital billboard in the middle. octane render pinterest, keyshot product render, water reflections gloss shiny in luquid",napoleon,0.36694958806037903,False,keyword_only,
Napoleon at the Saint-Bernard Pass by Jacques-Louis David with Gollum face,napoleon,0.48018619418144226,False,keyword_only,
"sci-fi wall structure on the coronation of napoleon painting and digital billboard in the middle, unreal engine 5, keyshot, octane, artstation trending, ultra high detail, ultra realistic, cinematic, 8k, 16k, in style of zaha hadid, in style of nanospace artstation, in style of photogrammetry cloud, in plastic, dark, tilt shift,",napoleon,0.3699246048927307,False,keyword_only,
sci-fi organic zaha hadid 20% of canvas car and wall structure in the coronation of napoleon painting by Jacques-Louis David and in the blade runner 2049 film search pinterest keyshot product render ultra high detail ultra realism 4k in plastic dark tilt shift,napoleon,0.3702126741409302,False,keyword_only,
sci-fi cars in center and wall near structure on the coronation of napoleon painting and digital billboard in the middle and everything in style of zaha hadid and suprematism forms unreal engine 5 keyshot octane artstation trending ultra high detail ultra photo realistic 8k 16k in plastic dark tilt shift,napoleon,0.35125666856765747,False,keyword_only,
full lenght sci-fi cars in the coronation of napoleon painting by Jacques-Louis David in the blade runner 2049 film and point cloud in the middle and everything in form of zaha hadid architects artwork by caravaggio unreal engine 5 keyshot octane lighting ultra high detail ultra hyper realism 8k 16k in plastic dark tilt shift full-length view,napoleon,0.2752889394760132,False,keyword_only,
"sci-fi motherboard structure on the coronation of napoleon painting and digital billboard in the middle, unreal engine 5, keyshot, octane, artstation trending, ultra high detail, ultra realistic, cinematic, 8k, 16k, in style of zaha hadid, in style of nanospace Michael Menzelincev artstation, in style of Lee SOUDER artstation, colors in style of Blade Runner 2049, in plastic, dark, tilt shift,",napoleon,0.3371201753616333,False,keyword_only,
"sci-fi organic brutalism speed dynamic o x u wall panel on the coronation of napoleon painting and digital billboard in the middle, unreal engine 5, keyshot, octane, artstation trending, ultra high detail, ultra realistic, cinematic, 8k, 16k, in style of zaha hadid, in style of nanospace artstation, in plastic,dark, tilt shift,",napoleon,0.3035532534122467,False,keyword_only,
"futuristic sci-fi architecture wall structure motherboard cpu on the coronation of napoleon painting, on moon, medium size man walking. unreal engine 5, keyshot, octane, artstation trending, 8k, 16k, Zaha Hadid style architecture pinterest, Matrix film pinterest color , high contrast pinterest black plastic, dark atmosphere pinterest, black background pinterest, tilt shift.",napoleon,0.3116455674171448,False,keyword_only,
napoleon riding a squirrel!!! on the beach with hyacinth!!!! by norman rockwell,napoleon,0.4244735836982727,False,keyword_only,
"portrait of zayn malik as an elf by valentin de boulogne, only one head single portrait, pointy ears, wearing a black leather napoleonic military jacket",napoleon,0.3885367512702942,False,keyword_only,
"sci-fi motherboard structure on the coronation of napoleon painting and digital hologram in the middle, unreal engine 5, keyshot, octane, artstation trending, ultra high detail, ultra realistic, cinematic, 8k, 16k, in style of zaha hadid, in style of nanospace Michael Menzelincev artstation, in style of Lee SOUDER artstation, colors in style of Blade Runner 2049, in plastic, dark, tilt shift,",napoleon,0.3131667971611023,False,keyword_only,
"still from the movie napoleon by stanley kubrick, 1 9 7 5, cinematic lighting, ultra realistic, panavision, wide screen, vibrant color, seventies cinema, vintage, historical drama",napoleon,0.4336407482624054,False,keyword_only,
"sci-fi organic brutalism speed dynamic o x u shape wall structure view from above on the coronation of napoleon painting and digital screen billboard in the middle, unreal engine 5, keyshot, octane, artstation trending, ultra high detail, ultra realistic, cinematic, 8k, 16k, in style of zaha hadid, in style of photogrammetry point cloud, in plastic,dark, tilt shift,",napoleon,0.29553186893463135,False,keyword_only,
"sci-fi sport car formula 1 hatchback transport design organic smooth elastic forms on the front 30% of canvas and sci-fi wall structure with point cloud in the coronation of napoleon painting by Jacques-Louis David in the style of zaha hadid architecture unreal engine 5 lumen pinterest keyshot product render octane, dark black cloudy plastic ceramic material shiny gloss water reflections specularity, contrast blade runner 2049 film lighting ultra high detail ultra realism, 4k",napoleon,0.3225177228450775,False,keyword_only,
sci-fi organic zaha hadid 20% of canvas car and wall structure in the coronation of napoleon painting by Jacques-Louis David and in the blade runner 2049 film search pinterest keyshot product render ultra high detail ultra realism 4k in plastic dark tilt shift,napoleon,0.3702126741409302,False,keyword_only,
"sci-fi wall structure on the coronation of napoleon painting and digital billboard in the middle, unreal engine 5, keyshot, octane, artstation trending, ultra high detail, ultra realistic, cinematic, 8k, 16k, in style of zaha hadid, in plastic, dark, tilt shift,",napoleon,0.4159984886646271,False,keyword_only,
"digital sci-fi oily gloss reflection zaha hadid airport motherboard with organic forms in liquid and oil on the coronation of napoleon painting, on moon with medium size man walking with black background and digital billboard in the middle. unreal engine 5, keyshot, octane, artstation trending, by Zaha Hadid architects, by Matrix film color, high contrast pinterest black plastic, dark atmosphere pinterest tilt shift, 4k, 8k, 16k.",napoleon,0.14522525668144226,False,keyword_only,
"sci-fi cars : wall near structure on : the coronation of napoleon painting : and digital billboard in the middle, in style of zaha hadid, suprematism composition, unreal engine 5, keyshot, octane, artstation trending, in colors of blade runner 2049, ultra high detail, ultra photo realistic, 8k, 16k, in plastic, dark, tilt shift,",napoleon,0.3410269618034363,False,keyword_only,
"sci-fi sport car formula 1 hatchback transport design organic smooth elastic forms on the front background digital billboard with point cloud in the coronation of napoleon painting by Jacques-Louis David unreal engine 5 lumen pinterest keyshot product render octane, dark black cloudy plastic ceramic material shiny gloss water reflections specularity, contrast lighting ultra high detail ultra realism, 4k",napoleonic,0.36900991201400757,False,keyword_only,
"sci-fi organic brutalism speed dynamic o x u wall panel on the coronation of napoleon painting and digital billboard in the middle, background lighting, unreal engine 5, keyshot, octane, artstation trending, ultra high detail, ultra realistic, cinematic, 8k, 16k, in style of zaha hadid, in style of nanospace artstation, in plastic,dark, tilt shift,",napoleon,0.3078860640525818,False,keyword_only,
"sci-fi wall structure panel on the coronation of napoleon painting and digital hologram in the middle, unreal engine 5, keyshot, octane, artstation trending, ultra high detail, ultra realistic, cinematic, 8k, 16k, in style of zaha hadid, colors in style of nanospace Michael Menzelincev, colors in style of the Blade Runner 2049, in plastic, dark, tilt shift,",napoleon,0.39908310770988464,False,keyword_only,
"high quality presentation photo of a a detailed porcelain figurine of a cute cat dressed as Napoleon holding a piece of chesse, photography 4k, f1.8 anamorphic, bokeh, 4k, Canon, Nikon",napoleon,0.393102765083313,False,keyword_only,
"khyzyl saleem car : medium size: in the coronation of napoleon ceremony: in liquid : 7, u, x, y, o graffiti big size forms: motherboard medium size forms : Kazimir Malevich big size forms : zaha hadid architecture big size forms: brutalist medium size forms: sci-fi futuristic setting: Ash Thorp car: ultra realistic phtotography, keyshot, unreal engine 5, high reflections oil, liquid high glossy, high specularity, ultra detailed, 4k, 8k, 16k",napoleon,0.28172996640205383,False,keyword_only,
sci-fi car zaha hadid wall structure logotype and car on the coronation of napoleon and digital billboard in the middle artwork in style of Ruan Jia Sheng Lam,napoleon,0.36156031489372253,False,keyword_only,
full lenght sci-fi cars in the coronation of napoleon painting by Jacques-Louis David and point cloud in the middle and everything in form of zaha hadid architects artwork by caravaggio unreal engine 5 keyshot octane lighting ultra high detail ultra hyper realism 8k 16k in plastic dark tilt shift full-length view,napoleon,0.3897765278816223,False,keyword_only,
"digital sci-fi oily gloss reflection airport with organic brutalism forms in liquid and oil on the coronation of napoleon painting, on moon with medium size man walking with black background. unreal engine 5, keyshot, octane, artstation trending, by Zaha Hadid architects, by Matrix film color, high contrast pinterest black plastic, dark atmosphere pinterest tilt shift, 4k, 8k, 16k.",napoleon,0.21173156797885895,False,keyword_only,
full lenght sci-fi cars in the coronation of napoleon painting and point cloud in the middle and everything in form of zaha hadid architects artwork by caravaggio unreal engine 5 keyshot octane lighting ultra high detail ultra hyper realism 8k 16k in plastic dark tilt shift full-length view,napoleon,0.3659552335739136,False,keyword_only,
sci-fi organic form car and wall structure in the coronation of napoleon painting by Jacques-Louis David in the blade runner 2049 film organic architecture forms artwork by caravaggio unreal engine 5 keyshot octane lighting ultra high detail ultra hyper realism 8k 16k in plastic dark tilt shift full-length view,napoleon,0.2841876149177551,False,keyword_only,
"sci-fi airport on the coronation of napoleon painting view from above oily gloss reflection with organic forms in liquid and oil, on moon with medium size man walking with black background and digital billboard in the middle. unreal engine 5, keyshot, octane, artstation trending, by Zaha Hadid architects, by Matrix film color, high contrast pinterest black plastic, dark atmosphere pinterest tilt shift, 4k, 8k, 16k.",napoleon,0.38423770666122437,False,keyword_only,
"sci-fi organic brutalism speed dynamic o x u wall panel on the coronation of napoleon painting and digital billboard in the middle, unreal engine 5, keyshot, octane, artstation trending, ultra high detail, ultra realistic, cinematic, 8k, 16k, in style of zaha hadid, in style of nanospace artstation, in plastic,dark, tilt shift,",napoleon,0.3035532534122467,False,keyword_only,
"sci-fi motherboard structure on the coronation of napoleon painting and digital billboard in the middle, unreal engine 5, keyshot, octane, artstation trending, ultra high detail, ultra realistic, cinematic, 8k, 16k, in style of zaha hadid, in style of nanospace Michael Menzelincev, in style of Lee SOUDER, colors in style of the Blade Runner 2049, in plastic, dark, tilt shift,",napoleon,0.35421067476272583,False,keyword_only,
"sci-fi sport car formula 1 hatchback transport design organic smooth elastic forms on the front background digital billboard with point cloud in the coronation of napoleon painting by Jacques-Louis David unreal engine 5 lumen pinterest keyshot product render octane, dark black cloudy plastic ceramic material shiny gloss water reflections specularity, contrast lighting ultra high detail ultra realism, 4k",napoleonic,0.3690100312232971,False,keyword_only,
"digital sci-fi oily gloss reflection zaha hadid airport motherboard with organic forms in liquid and oil on the coronation of napoleon painting, on moon with medium size man walking with black background and digital billboard in the middle. unreal engine 5, keyshot, octane, artstation trending, by Zaha Hadid architects, by Matrix film color, high contrast pinterest black plastic, dark atmosphere pinterest tilt shift, 4k, 8k, 16k.",napoleon,0.14522525668144226,False,keyword_only,
"rutalist sci-fi motherboard airport view from above structure on the coronation of napoleon painting and digital billboard point cloud in the middle, unreal engine 5, keyshot, octane, artstation trending, ultra high detail, ultra realistic, cinematic, 8k, 16k, in style of zaha hadid, in style of nanospace, in plastic, dark, tilt shift,",napoleon,0.3122784197330475,False,keyword_only,
"sci-fi wall structure on the coronation of napoleon painting on the nanospace Michael Menzelincev artstation painting, unreal engine 5, keyshot, octane, artstation trending, ultra high detail, ultra realistic, cinematic, 8k, 16k, zaha hadid style architecture, blade runner 2049 color , in plastic, dark, tilt shift,",napoleon,0.37848612666130066,False,keyword_only,
full lenght sci-fi flying car in the coronation of napoleon painting by Jacques-Louis David in the blade runner 2049 film and point cloud in the middle and everything in form of zaha hadid architects artwork by caravaggio unreal engine 5 keyshot octane lighting ultra high detail ultra hyper realism 8k 16k in plastic dark tilt shift full-length view,napoleon,0.27275753021240234,False,keyword_only,
sci-fi organic form car and wall structure in the coronation of napoleon painting by Jacques-Louis David in the blade runner 2049 film organic architecture forms artwork by caravaggio unreal engine 5 keyshot octane lighting ultra high detail ultra hyper realism 8k 16k in plastic dark tilt shift full-length view,napoleon,0.2841876149177551,False,keyword_only,
full lenght sci-fi cars in the coronation of napoleon painting by Jacques-Louis David and point cloud in the middle and everything in form of zaha hadid architects artwork by caravaggio unreal engine 5 keyshot octane lighting ultra high detail ultra hyper realism 8k 16k in plastic dark tilt shift full-length view,napoleon,0.3897765278816223,False,keyword_only,
sci-fi car dynamic organic forms structure car and wall structure in the coronation of napoleon painting by Jacques-Louis David ceramic metal material shiny gloss water reflections search pinterest keyshot product render 4k,napoleonic,0.36086800694465637,False,keyword_only,
sci-fi organic form car 50% of canvas and wall structure in the coronation of napoleon painting by Jacques-Louis David and in the blade runner 2049 film organic architecture forms search pinterest keyshot product render ultra high detail ultra realism 4k in plastic dark tilt shift,napoleon,0.2444223016500473,False,keyword_only,
sci-fi cars trucks motorcycles 50% of canvas in center and wall near structure on the coronation of napoleon painting and digital billboard in the middle and everything in style of zaha hadid and suprematism forms unreal engine 5 keyshot octane artstation trending blade runner 2049 colors lighting ultra high detail ultra photo realistic 8k 16k in plastic dark tilt shift,napoleon,0.3139248490333557,False,keyword_only,
full lenght sci-fi cars in the coronation of napoleon painting and point cloud in the middle and everything in style of zaha hadid architects and cyberpunk 2077 forms artwork by caravaggio unreal engine 5 keyshot octane lighting ultra high detail ultra hyper realism 8k 16k in plastic dark tilt shift full-length view,napoleon,0.33636921644210815,False,keyword_only,
"sci-fi wall structure on the coronation of napoleon painting and photogrammetry point cloud digital billboard in the middle, unreal engine 5, keyshot, octane, artstation trending, ultra high detail, ultra realistic, cinematic, 8k, 16k, in style of zaha hadid, in style of nanospace Michael Menzelincev, in style of the Blade Runner 2049, in plastic, dark, tilt shift,",napoleon,0.4392206072807312,False,keyword_only,
"sci-fi airport view from above oily gloss specularity reflection with organic forms on the coronation of napoleon painting, on moon with medium size man walking with black background and digital billboard in the middle. unreal engine 5, keyshot, octane, artstation trending, by Zaha Hadid architects, by Matrix film color, high contrast pinterest black plastic, dark atmosphere pinterest tilt shift, 4k, 8k, 16k.",napoleon,0.2664787173271179,False,keyword_only,
"car Ash Thorp khyzyl saleem car : medium size: on the coronation of napoleon: in oil liquid : 7, u, x, y, o graffiti big size forms: Kazimir Malevich big size forms :  zaha hadid architecture big size forms: brutalist medium size forms: ultra realistic phtotography, keyshot, unreal engine 5, high reflections oil, liquid high glossy, high specularity, ultra detailed, 4k, 8k, 16k",napoleon,0.3460110127925873,False,keyword_only,
"kanye west as muammar kadhafi as emperor napoleon, splash art, movie still, detailed face, cinematic lighting, dramatic, octane render, long lens, shallow depth of field, bokeh, anamorphic lens flare, 8 k, hyper detailed, 3 5 mm film grain",napoleon,0.44664961099624634,False,keyword_only,
"futuristic sci-fi architecture wall structure motherboard on the coronation of napoleon painting, on moon, small character. unreal engine 5, keyshot, octane, artstation trending, 8k, 16k, Zaha Hadid style architecture pinterest, Matrix film pinterest color , high contrast pinterest black plastic, dark atmosphere pinterest, black background pinterest, tilt shift.",napoleon,0.36843639612197876,False,keyword_only,
"sci-fi motherboard structure on the coronation of napoleon painting and digital billboard in the middle, unreal engine 5, keyshot, octane, artstation trending, ultra high detail, ultra realistic, cinematic, 8k, 16k, in style of zaha hadid, in style of nanospace Michael Menzelincev, in style of Lee SOUDER, colors in style of the Blade Runner 2049, in plastic, dark, tilt shift,",napoleon,0.35421067476272583,False,keyword_only,
"sci-fi motherboard airport structure on the coronation of napoleon painting and digital billboard in the middle, unreal engine 5, keyshot, octane, artstation trending, ultra high detail, ultra realistic, cinematic, 8k, 16k, in style of zaha hadid, in style of nanospace Michael Menzelincev, in style of Lee SOUDER, colors in style of the Blade Runner 2049, in plastic, dark, tilt shift,",napoleon,0.3251575231552124,False,keyword_only,
"car Ash Thorp khyzyl saleem car : medium size: in the coronation of napoleon painting : in oil liquid : 7, u, x, y, o graffiti big size forms: Kazimir Malevich big size forms : zaha hadid architecture big size forms: brutalist medium size forms: ultra realistic phtotography, keyshot, unreal engine 5, high reflections oil, liquid high glossy, high specularity, ultra detailed, 4k, 8k, 16k",napoleon,0.32638534903526306,False,keyword_only,
"digital sci-fi oily gloss reflection airport motherboard wall structure with organic brutalism forms in liquid and oil on the coronation of napoleon painting, on moon with medium size man walking with black background. unreal engine 5, keyshot, octane, artstation trending, by Zaha Hadid architects, by Matrix film color, high contrast pinterest black plastic, dark atmosphere pinterest tilt shift, 4k, 8k, 16k.",napoleon,0.2117546796798706,False,keyword_only,
sci-fi cars trucks motorcycles portrait 50% of canvas in center and wall near structure on the coronation of napoleon painting and digital billboard in the middle and everything in style of zaha hadid and suprematism forms unreal engine 5 keyshot octane artstation trending bladerunner 2049 colors lighting ultra high detail ultra photo realistic 8k 16k in plastic dark tilt shift,napoleon,0.3057836890220642,False,keyword_only,
"sci-fi cars : wall near structure on : the coronation of napoleon painting : and digital billboard in the middle, in style of zaha hadid, suprematism composition, unreal engine 5, keyshot, octane, artstation trending, ultra high detail, ultra photo realistic, 8k, 16k, in plastic, dark, tilt shift,",napoleon,0.34987330436706543,False,keyword_only,
"digital sci-fi oily gloss reflection airport motherboard cpu with organic brutlism forms in liquid and oil on the coronation of napoleon painting, on moon with medium size man walking with black background. unreal engine 5, keyshot, octane, artstation trending, by Zaha Hadid architects, by Matrix film color, high contrast pinterest black plastic, dark atmosphere pinterest tilt shift, 4k, 8k, 16k.",napoleon,0.20424127578735352,False,keyword_only,
"Portrait of Napoleon wearing an astronaut helmet, Edward Hopper and James Gilleard, Zdzislaw Beksinski, Mark Ryden, Wolfgang Lettl highly detailed, hints of Yayoi Kasuma",napoleon,0.4433289170265198,False,keyword_only,
full lenght sci-fi cars in the coronation of napoleon painting and point cloud in the middle and everything in style of zaha hadid architects and cyberpunk 2077 forms artwork by caravaggio unreal engine 5 keyshot octane lighting ultra high detail ultra hyper realism 8k 16k in plastic dark tilt shift full-length view,napoleon,0.33636927604675293,False,keyword_only,
sci-fi organic zaha hadid car 30% of canvas and wall structure in the coronation of napoleon painting by Jacques-Louis David and in the blade runner 2049 film search pinterest keyshot product render ultra high detail ultra realism 4k in plastic dark tilt shift,napoleon,0.3840155005455017,False,keyword_only,
sci-fi cars in center and wall near structure on the coronation of napoleon painting and digital billboard in the middle and everything in style of zaha hadid and suprematism forms unreal engine 5 keyshot octane artstation trending ultra high detail ultra photo realistic 8k 16k in plastic dark tilt shift,napoleon,0.35125666856765747,False,keyword_only,
"sci-fi cars : wall near structure on : the coronation of napoleon painting : and digital billboard in the middle, in style of zaha hadid, suprematism composition, unreal engine 5, keyshot, octane, artstation trending, ultra high detail, ultra photo realistic, 8k, 16k, in plastic, dark, tilt shift,",napoleon,0.34987330436706543,False,keyword_only,
big pattern noise sci-fi organic zaha hadid ca khyzyl saleem formula 1 car and wall structure in the coronation of napoleon painting by Jacques-Louis David and in the blade runner 2049 film search pinterest keyshot product render cloudy plastic ceramic material shiny gloss water reflections ultra high detail ultra realism 4k in plastic dark tilt shift,napoleon,0.2806844711303711,False,keyword_only,
"sci-fi wall structure logotype and car on the coronation of napoleon painting and digital billboard in the middle, unreal engine 5, keyshot, octane, artstation trending, ultra high detail, ultra realistic, cinematic, 8k, 16k, in style of zaha hadid, in plastic, dark, tilt shift,",napoleon,0.3926217257976532,False,keyword_only,
"Portrait of Kanye West as Emperor Napoleon in Fallout New Vegas, splash art, movie still, cinematic lighting, dramatic, octane render, long lens, shallow depth of field, bokeh, anamorphic lens flare, 8k, hyper detailed, 35mm film grain",napoleon,0.4893414080142975,False,keyword_only,
"sci-fi motherboard structure on the coronation of napoleon painting and digital billboard in the middle, unreal engine 5, keyshot, octane, artstation trending, ultra high detail, ultra realistic, cinematic, 8k, 16k, in style of zaha hadid, in style of nanospace Michael Menzelincev, in style of Lee SOUDER, colors in style of the Blade Runner 2049, in plastic, dark, tilt shift,",napoleon,0.35421067476272583,False,keyword_only,
sci-fi 3d car and wall structure car in the coronation of napoleon and digital billboard in the middle octane render pinterest keyshot product render water reflections gloss shiny in luquid,napoleonic,0.3740811347961426,False,keyword_only,
"sci-fi airport panel tile view from above on the coronation of napoleon painting and digital billboard in the middle, unreal engine 5, keyshot, octane, artstation trending, ultra high detail, ultra realistic, cinematic, 8k, 16k, in style of zaha hadid, colors in style of nanospace Michael Menzelincev, colors in style of the Blade Runner 2049, in plastic, dark, tilt shift,",napoleon,0.2978587746620178,False,keyword_only,
"digital sci-fi oily gloss reflection airport motherboard wall structure with organic forms in liquid and oil on the coronation of napoleon painting, on moon with medium size man walking with black background. unreal engine 5, keyshot, octane, artstation trending, by Zaha Hadid architects, by Matrix film color, high contrast pinterest black plastic, dark atmosphere pinterest tilt shift, 4k, 8k, 16k.",napoleon,0.21163871884346008,False,keyword_only,
"sci-fi wall structure on the coronation of napoleon painting and digital billboard in the middle, unreal engine 5, keyshot, octane, artstation trending, ultra high detail, ultra realistic, cinematic, 8k, 16k, in style of zaha hadid, in style of nanospace Michael Menzelincev, in style of Lee SOUDER, in style of photogrammetry cloud in style of Dima Goryainov artstation, in plastic, dark, tilt shift,",napoleon,0.3791639804840088,False,keyword_only,
"kanye west as muammar kadhafi and emperor napoleon, splash art, movie still, detailed face, cinematic lighting, dramatic, octane render, long lens, shallow depth of field, bokeh, anamorphic lens flare, 8 k, hyper detailed, 3 5 mm film grain",napoleon,0.3938683867454529,False,keyword_only,
"view from above large sci-fi airport on the coronation of napoleon painting and digital billboard in the middle, unreal engine 5, keyshot, octane, artstation trending, ultra high detail, ultra realistic, cinematic, 8k, 16k, in style of zaha hadid, in style of nanospace Michael Menzelincev, in style of Lee SOUDER, in style of photogrammetry cloud, in plastic, dark, tilt shift,",napoleon,0.35259103775024414,False,keyword_only,
"car truck race sci-fi wall structure on the coronation of napoleon painting and digital billboard in the middle, unreal engine 5, keyshot, octane, artstation trending, ultra high detail, ultra realistic, cinematic, 8k, 16k, in style of zaha hadid : in plastic : dark dramatic sunset lighting : tilt shift camera",napoleon,0.3511132001876831,False,keyword_only,
"sci-fi motherboard structure on the coronation of napoleon painting and digital hologram in the middle, unreal engine 5, keyshot, octane, artstation trending, ultra high detail, ultra realistic, cinematic, 8k, 16k, in style of zaha hadid, in style of Lee SOUDER artstation, colors in style of Blade Runner 2049, in plastic, dark, tilt shift,",napoleonic,0.3214375972747803,False,keyword_only,
"sci-fi wall structure on the coronation of napoleon painting on the nanospace Michael Menzelincev artstation painting, unreal engine 5, keyshot, octane, artstation trending, ultra high detail, ultra realistic, cinematic, 8k, 16k, zaha hadid style architecture, blade runner 2049 color , high contrast plastic, dark atmosphere, tilt shift,",napoleon,0.3650877773761749,False,keyword_only,
"a giant squirrel carrying napoleon!!! on its back, beach scene with flowers and foliage, detailed oil painting",napoleon,0.4597315192222595,False,keyword_only,
"sci-fi cars and wall near structure on the coronation of napoleon painting : and digital billboard in the middle and everything in style of zaha hadid and suprematism forms, unreal engine 5, keyshot, octane, artstation trending, ultra high detail, ultra photo realistic, 8k, 16k, in plastic, dark, tilt shift,",napoleon,0.3981629014015198,False,keyword_only,
"car Ash Thorp khyzyl saleem car : medium size: on the coronation of napoleon: in oil liquid : 7, u, x, y, o graffiti big size forms: Kazimir Malevich big size forms :  zaha hadid architecture big size forms: brutalist medium size forms: ultra realistic phtotography, keyshot, unreal engine 5, high reflections oil, liquid high glossy, high specularity, ultra detailed, 4k, 8k, 16k",napoleon,0.3460110127925873,False,keyword_only,
"sci-fi cars on the coronation of napoleon painting and digital billboard in the middle, unreal engine 5, keyshot, octane, artstation trending, ultra high detail, ultra realistic, cinematic, 8k, 16k, in style of zaha hadid, in plastic, dark, tilt shift,",napoleon,0.3264578580856323,False,keyword_only,
"digital sci-fi oily airport architecture motherboard cpu in liquid on the coronation of napoleon painting, on moon with medium size woman walking with black background. unreal engine 5, keyshot, octane, artstation trending, by Zaha Hadid style architecture, by Matrix film color, high contrast pinterest black plastic, dark atmosphere pinterest tilt shift, 4k, 8k, 16k.",napoleon,0.23984186351299286,False,keyword_only,
"view from above sci-fi airport on the coronation of napoleon painting and digital billboard in the middle, unreal engine 5, keyshot, octane, artstation trending, ultra high detail, ultra realistic, cinematic, 8k, 16k, in style of zaha hadid, in style of nanospace Michael Menzelincev, in style of Lee SOUDER, in style of photogrammetry cloud, in plastic, dark, tilt shift,",napoleon,0.3417690694332123,False,keyword_only,
"Napoleonic Infantry, intricate artwork by Alan Moore, HR Giger, eldritch horror, lovecraft, hyperrealism, high detail, black and white, high contrast, depth of field",napoleonic,0.39341533184051514,False,keyword_only,
sci-fi cars trucks motorcycles 50% of canvas on the coronation of napoleon and digital billboard photogrammetry point cloud in the middle and everything in style of zaha hadid and suprematism forms unreal engine 5 keyshot octane artstation trending blade runner 2049 colors lighting ultra high detail ultra photo realistic 8k 16k in plastic dark tilt shift,napoleon,0.3096284866333008,False,keyword_only,
"old wetplate daguerreotype portrait of the birth of napoleon, explosion of data fragments, fractal, intricate, elegant, highly detailed, parallax, leica, medium format, subsurface scattering, by jheronimus bosch and greg rutkowski and louis jacques mande daguerre",Bonaparte,0.4797683358192444,False,keyword_only,
sci-fi zaha hadid organic car 30% size and wall structure in the coronation of napoleon painting by Jacques-Louis David and in the blade runner 2049 film search pinterest keyshot product render 4k in dark plastic,napoleon,0.42896977066993713,False,keyword_only,
"sci-fi organic brutalism speed dynamic o x u wall structure on the coronation of napoleon painting and digital screen billboard in the middle, unreal engine 5, keyshot, octane, artstation trending, ultra high detail, ultra realistic, cinematic, 8k, 16k, in style of zaha hadid, in style of nanospace artstation, in plastic,dark, tilt shift,",napoleon,0.2816595435142517,False,keyword_only,
"sci-fi organic brutalism speed dynamic o x u interior wall panel on the coronation of napoleon painting and digital billboard in the middle, unreal engine 5, keyshot, octane, artstation trending, ultra high detail, ultra realistic, cinematic, 8k, 16k, in style of zaha hadid, in style of nanospace artstation, in plastic,dark, tilt shift,",napoleon,0.31383857131004333,False,keyword_only,
"car Ash Thorp khyzyl saleem car : medium size: on the coronation of napoleon: in oil liquid : 7, u, x, y, o graffiti big size forms: Kazimir Malevich big size forms : zaha hadid architecture big size forms: brutalist medium size forms: sci-fi futuristic setting: ultra realistic phtotography, keyshot, unreal engine 5, high reflections oil, liquid high glossy, high specularity, ultra detailed, 4k, 8k, 16k",napoleon,0.3441597819328308,False,keyword_only,
"futuristic sci-fi brutalist organic architecture wall structure motherboard cpu on the coronation of napoleon painting, on moon, medium size man woman walking. unreal engine 5, keyshot, octane, artstation trending, Zaha Hadid style architecture pinterest, Matrix film pinterest color , high contrast pinterest black plastic, dark atmosphere pinterest, black background pinterest, tilt shift.",napoleon,0.2675396203994751,False,keyword_only,
"futuristic sci-fi brutalist organic architecture wall structure motherboard cpu on the coronation of napoleon painting, on moon, medium size man woman walking. unreal engine 5, keyshot, octane, artstation trending, Zaha Hadid style architecture pinterest, Matrix film pinterest color, high contrast pinterest black plastic, dark atmosphere pinterest, black background pinterest, tilt shift.",napoleon,0.2675396203994751,False,keyword_only,
"Kanye West as Emperor Napoleon in Gears of War, splash art, movie still, cinematic lighting, dramatic, octane render, long lens, shallow depth of field, bokeh, anamorphic lens flare, 8k, hyper detailed, 35mm film grain",napoleon,0.3595317602157593,False,keyword_only,
"digital sci-fi oily gloss reflection airport motherboard cpu in liquid and oil on the coronation of napoleon painting, on moon with medium size man walking with black background. unreal engine 5, keyshot, octane, artstation trending, by Zaha Hadid architects, by Matrix film color, high contrast pinterest black plastic, dark atmosphere pinterest tilt shift, 4k, 8k, 16k.",napoleon,0.2206026315689087,False,keyword_only,
"high quality presentation photo of a a detailed porcelain figurine of a cute cat dressed as Napoleon holding a piece of chesse, photography 4k, f1.8 anamorphic, bokeh, 4k, Canon, Nikon",napoleon,0.393102765083313,False,keyword_only,
"sci-fi wall structure on the coronation of napoleon painting and photogrammetry point cloud digital billboard in the middle, unreal engine 5, keyshot, octane, artstation trending, ultra high detail, ultra realistic, cinematic, 8k, 16k, in style of zaha hadid, colors in style of nanospace Michael Menzelincev, colors in style of the Blade Runner 2049, in plastic, dark, tilt shift,",napoleon,0.4394409656524658,False,keyword_only,
"A Portal in a snowing tunnel, napoleonic era, digital art, highly detailed, trending on artstation, tense mood",napoleonic,0.3098382353782654,False,keyword_only,
"Volodymyr Zelensky at war, dressed like Napoleon Bonaparte, his clothes are torn and dirty, he is sitting between dead corpses and weeping, holding a half burnt blue and yellow flag of Ukraine, in the style of Roy Lichtenstein",napoleon,0.4567261338233948,False,keyword_only,
"kanye west as muammar kadhafi as emperor napoleon, splash art, movie still, detailed face, cinematic lighting, dramatic, octane render, long lens, shallow depth of field, bokeh, anamorphic lens flare, 8 k, hyper detailed, 3 5 mm film grain",napoleon,0.44664961099624634,False,keyword_only,
full lenght sci-fi cars in the coronation of napoleon painting by Jacques-Louis David and point cloud in the middle and everything in form of zaha hadid architects artwork by caravaggio unreal engine 5 keyshot octane lighting ultra high detail ultra hyper realism 8k 16k in plastic dark tilt shift full-length view,napoleon,0.3897765278816223,False,keyword_only,
"kanye west as muammar kadhafi as emperor napoleon, splash art, movie still, detailed face, cinematic lighting, dramatic, octane render, long lens, shallow depth of field, bokeh, anamorphic lens flare, 8 k, hyper detailed, 3 5 mm film grain",napoleon,0.44664961099624634,False,keyword_only,
"head and shoulders portrait painting of young man who looks like zayn malik as an elf by jeremy mann, wearing leather napoleonic military style jacket, only one head single portrait, pointy ears, black background, soft top lighting, moody, shadowed",napoleon,0.3238193988800049,False,keyword_only,
"digital sci-fi oily gloss reflection airport with organic brutalism forms in liquid and oil on the coronation of napoleon painting, on moon with medium size man walking with black background. unreal engine 5, keyshot, octane, artstation trending, by Zaha Hadid architects, by Matrix film color, high contrast pinterest black plastic, dark atmosphere pinterest tilt shift, 4k, 8k, 16k.",napoleon,0.21173156797885895,False,keyword_only,
sci-fi car and wall structure in the coronation of napoleon painting by Jacques-Louis David in the blade runner 2049 film and point cloud in the middle and everything in form of zaha hadid architects artwork by caravaggio unreal engine 5 keyshot octane lighting ultra high detail ultra hyper realism 8k 16k in plastic dark tilt shift full-length view,napoleon,0.30060338973999023,False,keyword_only,
"sci-fi motherboard structure y x o u on the coronation of napoleon painting and digital billboard in the middle, unreal engine 5, keyshot, octane, artstation trending, ultra high detail, ultra realistic, cinematic, 8k, 16k, in style of zaha hadid, in style of nanospace Michael Menzelincev, in style of Lee SOUDER, colors in style of the Blade Runner 2049, in plastic, dark, tilt shift,",napoleon,0.24622727930545807,False,keyword_only,
sci fi car tile organic smooth elastic forms wall structure in the coronation of napoleon painting by Jacques-Louis David pinterest keyshot product render cloudy plastic ceramic material shiny gloss water reflections ultra high detail ultra realism 4k in plastic dark tilt shift,napoleon,0.40481680631637573,False,keyword_only,
"sci-fi motherboard airport structure on the coronation of napoleon painting and digital billboard in the middle, unreal engine 5, keyshot, octane, artstation trending, ultra high detail, ultra realistic, cinematic, 8k, 16k, in style of zaha hadid, in style of nanospace Michael Menzelincev, in style of Lee SOUDER, colors in style of the Blade Runner 2049, in plastic, dark, tilt shift,",napoleon,0.3251575231552124,False,keyword_only,
"sci-fi wall structure on the coronation of napoleon painting and digital billboard in the middle, unreal engine 5, keyshot, octane, artstation trending, ultra high detail, ultra realistic, cinematic, 8k, 16k, in style of zaha hadid, in plastic, dark, tilt shift,",napoleon,0.4159984886646271,False,keyword_only,
full lenght sci-fi cars in the coronation of napoleon painting by Jacques-Louis David in the blade runner 2049 film and point cloud in the middle and everything in form of zaha hadid architects artwork by caravaggio unreal engine 5 keyshot octane lighting ultra high detail ultra hyper realism 8k 16k in plastic dark tilt shift full-length view,napoleon,0.2752889394760132,False,keyword_only,
sci-fi zaha hadid wall structure logotype and car on the coronation of napoleon and digital billboard in the middle in dark atmosphere : artwork by : Ruan Jia : Sheng Lam :,napoleon,0.4502843916416168,False,keyword_only,
"sci-fi wall structure on the coronation of napoleon painting and digital billboard in the middle, unreal engine 5, keyshot, octane, artstation trending, ultra high detail, ultra realistic, cinematic, 8k, 16k, in style of zaha hadid, in plastic, dark, tilt shift,",napoleon,0.4159984886646271,False,keyword_only,
"sci-fi wall structure on the coronation of napoleon painting and photogrammetry point cloud digital billboard in the middle, unreal engine 5, keyshot, octane, artstation trending, ultra high detail, ultra realistic, cinematic, 8k, 16k, in style of zaha hadid, in style of nanospace Michael Menzelincev, in style of Dima Goryainov artstation, in style of Blade Runner 2049 lighting, in style of Ghost in the Shell lighting, in style of cyberpunk 2077 website, in plastic, dark, tilt shift,",napoleon,0.43823423981666565,False,keyword_only,
"1990s Hi-8 footage of Napoleon conducting at the Sydney Opera House, candid wide photograph, 18mm",napoleon,0.49178174138069153,False,keyword_only,
"sci-fi cars wall near structure on the coronation of napoleon painting and digital billboard in the middle, unreal engine 5, keyshot, octane, artstation trending, ultra high detail, ultra realistic, cinematic, 8k, 16k, in style of zaha hadid, in plastic, dark, tilt shift,",napoleon,0.332349956035614,False,keyword_only,
sci-fi zaha hadid wall structure logotype and car on the coronation of napoleon and digital billboard in the middle in dark atmosphere in the style of Ruan Jia Sheng Lam,napoleon,0.3828446865081787,False,keyword_only,
"napoleon dynamite with the body of arnold schwarzenegger, 8 k, ultra realistic, photorealistic, fine details",napoleon,0.3534894585609436,False,keyword_only,
"sci-fi sport car formula 1 hatchback transport design organic smooth elastic forms on the front background digital billboard with point cloud in the coronation of napoleon painting by Jacques-Louis David, pinterest keyshot product render, cloudy plastic ceramic material shiny gloss water reflections, ultra high detail ultra realism, 4k",napoleonic,0.3476364016532898,False,keyword_only,
"portrait of rubbery albino mutant with determined expression, sharp features, moist skin and wide black eyes wearing fascist Napoleonic Tang Dynasty police uniform standing on cyberpunk docks, science fiction concept art by Greg Rutkowski and Anato Finnstark",napoleon,0.3361685872077942,False,keyword_only,
"digital sci-fi oily gloss reflection airport motherboard cpu in liquid and oil on the coronation of napoleon painting, on moon with medium size man walking with black background. unreal engine 5, keyshot, octane, artstation trending, by Zaha Hadid style architecture, by Matrix film color, high contrast pinterest black plastic, dark atmosphere pinterest tilt shift, 4k, 8k, 16k.",napoleon,0.23179346323013306,False,keyword_only,
sci-fi organic brutalist car and wall structure in the coronation of napoleon painting by Jacques-Louis David in the blade runner 2049 film artwork by caravaggio unreal engine 5 keyshot octane lighting ultra high detail ultra hyper realism 8k 16k in plastic dark tilt shift full-length view,napoleon,0.32020103931427,False,keyword_only,
sci-fi organic car zaha hadid 30% of canvas and wall structure in the coronation of napoleon painting by Jacques-Louis David and in the pinterest blade runner 2049 film search pinterest keyshot product render ultra high detail ultra realism 4k in plastic dark tilt shift,napoleon,0.3614674210548401,False,keyword_only,
"Portrait of Kanye West as emperor napoleon, splash art, cinematic lighting, dramatic, octane render, long lens, shallow depth of field, bokeh, anamorphic lens flare, 8k, hyper detailed, 35mm film grain",napoleon,0.4653315544128418,False,keyword_only,
"sci-fi organic brutalism speed dynamic o x u knight helmet on the coronation of napoleon painting and digital screen billboard in the middle, unreal engine 5, keyshot, octane, artstation trending, ultra high detail, ultra realistic, cinematic, 8k, 16k, in style of zaha hadid, in style of nanospace artstation, in plastic,dark, tilt shift,",napoleonic,0.307661235332489,False,keyword_only,
Detailed oil painting of napoleon riding a motorbike by Caravaggio,napoleon,0.40523844957351685,False,keyword_only,
"sci-fi cars and wall near structure on the coronation of napoleon painting : and digital billboard in the middle and everything in style of zaha hadid and suprematism forms, unreal engine 5, keyshot, octane, artstation trending, ultra high detail, ultra photo realistic, 8k, 16k, in plastic, dark, tilt shift,",napoleon,0.39816293120384216,False,keyword_only,
